11/23/2017,425,0,430,425,7260,3103718,1,
11/22/2017,425,0.47,429,421,5998,2539736,2,
11/21/2017,423,0.48,425,421,4762,2015105,3,
11/20/2017,421,0.24,422,418,4579,1923518,4,
11/19/2017,420,0,422,412,13373,5575148,5,2
11/16/2017,420,-1.87,435,420,13740,5797379,6,3
11/15/2017,428,-0.93,432,426,3596,1544399,7,4
11/14/2017,432,0.93,434,424,14580,6256963,8,5
11/13/2017,428,1.18,428,420,14684,6245012,9,6
11/12/2017,423,1.93,425,415,9098,3815462,10,7
11/9/2017,415,-0.24,427,412,9434,3918031,11,8
11/8/2017,416,-1.42,422,414,17305,7217966,12,9
11/7/2017,422,-1.63,436,420,26141,11088659,13,10
11/6/2017,429,-0.23,430,420,29796,12642926,14,11
11/5/2017,430,-2.27,440,424,16936,7255084,15,12
11/2/2017,440,1.38,442,430,8331,3632384,16,13
11/1/2017,434,-0.69,437,429,6291,2725033,17,14
10/31/2017,437,0,440,433,8889,3866223,18,15
10/30/2017,437,-1.13,443,437,13723,6029799,19,16
10/29/2017,442,-1.56,447,440,7203,3185825,20,17
10/25/2017,449,0.22,451,444,17137,7675865,21,18
10/24/2017,448,-0.22,452,445,9549,4278475,22,19
10/23/2017,449,-0.22,455,445,12644,5695162,23,20
10/22/2017,450,1.35,458,436,11183,5051656,24,21
10/18/2017,444,-1.11,450,438,12688,5628714,25,22
10/17/2017,449,1.58,450,436,12124,5388922,26,23
10/16/2017,442,2.08,451,434,18696,8294486,27,24
10/15/2017,433,0.93,433,427,5553,2393186,28,25
10/12/2017,429,0.23,435,428,5474,2357856,29,26
10/11/2017,428,0.23,431,425,11993,5132940,30,27
10/10/2017,427,-0.93,438,423,19003,8118044,31,28
10/9/2017,431,-0.23,433,425,17649,7561101,32,29
10/8/2017,432,-1.82,432,420,15759,6712529,33,30
10/4/2017,440,-2.87,450,437,6475,2854121,34,31
10/3/2017,453,1.12,453,446,3164,1415634,35,32
9/26/2017,448,0,449,443,5132,2286875,36,33
9/25/2017,448,1.59,448,440,2882,1272835,37,34
9/24/2017,441,0.46,443,439,3718,1638796,38,35
9/20/2017,439,-0.9,443,435,10450,4599400,39,36
9/18/2017,443,-0.89,452,443,33400,14877419,40,37
9/17/2017,447,0,459,438,49764,22001355,41,38
9/14/2017,447,6.43,447,419,42524,18361183,42,39
9/13/2017,420,-0.24,423,418,32249,13538906,43,40
9/12/2017,421,-0.71,426,420,27903,11782776,44,41
9/11/2017,424,-0.24,430,420,17950,7592940,45,42
9/10/2017,425,-0.7,431,423,37704,16076730,46,43
9/7/2017,428,-2.28,438,426,34082,14711435,47,44
9/6/2017,438,1.86,440,425,11603,4994219,48,45
9/4/2017,430,-1.6,439,426,33009,14133477,49,46
8/31/2017,437,-0.23,438,432,15528,6769346,50,47
8/30/2017,438,-1.79,443,435,14820,6508340,51,48
8/28/2017,446,0,452,444,7897,3519687,52,49
8/27/2017,446,0.68,451,443,3889,1732805,53,50
8/24/2017,443,0.45,453,434,11438,5093781,54,51
8/23/2017,441,0,442,438,7718,3396666,55,52
8/22/2017,441,0.68,442,436,12396,5447828,56,53
8/21/2017,438,-0.45,442,432,5674,2474784,57,54
8/20/2017,440,-0.68,444,435,16054,7075869,58,55
8/17/2017,443,-0.23,449,438,23326,10279553,59,56
8/16/2017,444,0.68,448,442,11304,5021857,60,57
8/15/2017,441,-0.9,446,441,15104,6699557,61,58
8/13/2017,445,-1.11,449,440,14415,6423464,62,59
8/10/2017,450,0,454,443,21245,9497817,63,60
8/9/2017,450,-0.66,460,444,17516,7934355,64,61
8/7/2017,453,-0.22,463,452,11926,5419900,65,62
8/6/2017,454,0.22,456,450,18930,8598441,66,63
8/3/2017,453,-0.22,459,450,14097,6379143,67,64
8/2/2017,454,0,456,453,12168,5532203,68,65
8/1/2017,454,0.22,469,450,9280,4235329,69,66
7/31/2017,453,0.44,459,450,12315,5598249,70,67
7/30/2017,451,-1.96,461,445,9537,4331121,71,68
7/27/2017,460,2.22,460,450,11335,5133609,72,69
7/26/2017,450,-1.75,460,448,22953,10401083,73,70
7/25/2017,458,0.66,461,454,16138,7380111,74,71
7/24/2017,455,-0.87,460,454,13393,6112032,75,72
7/23/2017,459,-0.43,465,455,16709,7668931,76,73
7/20/2017,461,0.22,465,454,10954,5040009,77,74
7/19/2017,460,-2.54,470,460,21239,9884869,78,75
7/18/2017,472,5.36,472,449,27796,12739662,79,76
7/17/2017,448,3.46,448,433,16129,7096066,80,77
7/16/2017,433,-0.46,435,430,4465,1927023,81,78
7/13/2017,435,0.69,437,430,12875,5549593,82,79
7/12/2017,432,-0.69,440,432,8794,3825056,83,80
7/11/2017,435,0.46,440,430,9864,4318391,84,81
7/10/2017,433,-1.81,440,430,12785,5585373,85,82
7/9/2017,441,0.92,446,430,20091,8794058,86,83
7/6/2017,437,2.82,437,425,18660,7970364,87,84
7/5/2017,425,1.19,425,419,11348,4786382,88,85
7/4/2017,420,-0.71,426,419,13712,5768673,89,86
7/3/2017,423,-1.17,430,420,7794,3311499,90,87
7/2/2017,428,0,430,419,14946,6315356,91,88
6/28/2017,428,1.42,428,415,10162,4287790,92,89
6/27/2017,422,-0.24,425,420,11352,4795475,93,90
6/25/2017,423,0.48,426,419,10516,4451695,94,91
6/22/2017,421,0,429,420,16465,6949115,95,92
6/21/2017,421,-0.47,425,417,6334,2673676,96,93
6/20/2017,423,-0.94,429,415,12740,5380466,97,94
6/19/2017,427,-0.93,431,417,21359,9040694,98,95
6/18/2017,431,-2.05,440,428,19261,8290076,99,96
6/15/2017,440,1.15,442,432,15064,6569564,100,97
6/14/2017,435,0,440,434,8869,3869751,101,98
6/13/2017,435,-2.25,444,435,13963,6114368,102,99
6/12/2017,445,0.23,446,434,9184,4039315,103,100
6/11/2017,444,-1.11,448,440,7886,3493484,104,101
6/8/2017,449,-0.88,452,444,6842,3058885,105,102
6/7/2017,453,-0.22,463,450,14334,6502554,106,103
6/6/2017,454,2.48,458,448,10899,4918322,107,104
6/5/2017,443,-0.45,450,443,12176,5438368,108,105
6/4/2017,445,-0.22,450,440,10779,4796056,109,106
6/1/2017,446,-0.89,459,444,14518,6514331,110,107
5/31/2017,450,1.35,455,439,8719,3870695,111,108
5/30/2017,444,-1.33,450,441,7182,3193641,112,109
5/28/2017,450,-1.1,455,445,9086,4093677,113,110
5/24/2017,455,1.11,456,448,11662,5282774,114,111
5/23/2017,450,0.45,455,443,6912,3118403,115,112
5/22/2017,448,-0.44,450,441,3174,1418900,116,113
5/21/2017,450,-0.22,460,444,10460,4687103,117,114
5/18/2017,451,-0.88,458,450,6117,2771963,118,115
5/17/2017,455,-0.22,460,454,4811,2194661,119,116
5/16/2017,456,-1.94,465,455,7225,3308817,120,117
5/15/2017,465,0.22,471,460,10542,4873562,121,118
5/11/2017,464,1.53,466,461,12423,5755865,122,119
5/9/2017,457,-0.65,461,452,21081,9605186,123,120
5/8/2017,460,1.32,465,446,16791,7593535,124,121
5/7/2017,454,-1.3,464,453,5619,2567369,125,122
5/4/2017,460,-0.22,478,454,10579,4862372,126,123
5/3/2017,461,0,478,457,13689,6359865,127,124
5/2/2017,461,0.44,468,445,22562,10244556,128,125
4/30/2017,459,-1.5,470,454,18728,8571257,129,126
4/27/2017,466,-0.21,475,463,15743,7381184,130,127
4/26/2017,467,-0.43,472,465,9098,4257990,131,128
4/25/2017,469,0,472,464,17195,8041381,132,129
4/24/2017,469,-0.64,474,466,23133,10859181,133,130
4/23/2017,472,1.51,511,472,45549,21857591,134,131
4/20/2017,465,0.43,483,463,32994,15564848,135,132
4/19/2017,463,2.89,469,453,15551,7173984,136,133
4/18/2017,450,-2.17,460,443,26897,12146144,137,134
4/16/2017,460,-2.54,481,457,14433,6817342,138,135
4/13/2017,472,-1.67,482,468,25576,12157715,139,136
4/12/2017,480,-1.84,500,480,43976,21570036,140,137
4/11/2017,489,3.82,494,470,29427,14275730,141,138
4/10/2017,471,-0.21,485,467,24705,11622539,142,139
4/9/2017,472,-2.07,485,470,26361,12443931,143,140
4/6/2017,482,-2.63,495,474,42085,20121788,144,141
4/4/2017,495,-1.79,508,480,38622,19049502,145,142
4/3/2017,504,5.44,525,487,86048,43752580,146,143
3/30/2017,574,1.59,577,555,151987,86067068,147,144
3/29/2017,565,-6.39,615,550,118955,68723660,148,145
3/28/2017,595,5.87,606,573,63335,37423649,149,146
3/26/2017,562,9.98,562,512,86224,47708756,150,147
3/23/2017,511,3.86,514,493,42052,21317008,151,148
3/22/2017,492,1.65,515,485,45578,22838969,152,149
3/21/2017,484,4.99,484,460,26819,12587312,153,150
3/20/2017,461,2.22,465,455,16216,7455757,154,151
3/19/2017,451,1.35,454,445,10196,4592620,155,152
3/16/2017,445,-0.67,452,441,9046,4012644,156,153
3/15/2017,448,1.59,449,443,3091,1376749,157,154
3/14/2017,441,0.23,450,440,9273,4113210,158,155
3/13/2017,440,-1.12,450,440,5870,2600359,159,156
3/9/2017,445,1.37,452,444,3547,1583560,160,157
3/7/2017,439,-2.23,443,439,5596,2467237,161,158
3/6/2017,449,1.35,456,446,9615,4316175,162,159
3/5/2017,443,1.84,448,432,12347,5458931,163,160
3/2/2017,435,1.16,435,425,5828,2521303,164,161
3/1/2017,430,2.14,430,421,5008,2135041,165,162
2/28/2017,421,-3,426,417,16732,7032221,166,163
2/26/2017,434,-1.36,445,430,6391,2788327,167,164
2/23/2017,440,1.38,442,427,14367,6260776,168,165
2/22/2017,434,-1.14,442,430,22813,9908821,169,166
2/21/2017,439,-0.23,465,437,18863,8376472,170,167
2/20/2017,440,-1.12,455,440,17150,7643190,171,168
2/19/2017,445,-1.77,452,441,23260,10365716,172,169
2/16/2017,453,0,460,450,16259,7356534,173,170
2/15/2017,453,3.66,456,442,12899,5819825,174,171
2/14/2017,437,-0.68,447,424,13085,5708474,175,172
2/13/2017,440,2.56,443,413,11039,4662838,176,173
2/12/2017,429,-3.6,453,416,11551,4886512,177,174
2/9/2017,445,-1.11,453,440,12428,5537810,178,175
2/8/2017,450,-1.1,460,448,9700,4386164,179,176
2/7/2017,455,0,463,451,4245,1938381,180,177
2/6/2017,455,-3.19,468,455,5122,2362049,181,178
2/5/2017,470,-2.69,492,470,3121,1489850,182,179
2/2/2017,483,0,500,480,15620,7632898,183,180
2/1/2017,483,5.46,485,465,9886,4711204,184,181
1/31/2017,458,3.62,464,435,11409,5152834,185,182
1/30/2017,442,-3.91,465,442,12799,5774559,186,183
1/26/2017,460,-6.12,490,455,33136,15482268,187,184
1/25/2017,490,-3.54,505,480,25727,12653108,188,185
1/24/2017,508,-2.31,530,500,7839,4008784,189,186
1/23/2017,520,-1.14,524,520,2679,1395359,190,187
1/22/2017,526,-0.38,531,526,2773,1466139,191,188
1/19/2017,528,1.54,529,521,1913,1002025,192,189
1/18/2017,520,-0.57,530,520,3386,1783070,193,190
1/17/2017,523,-0.76,529,523,3270,1719022,194,191
1/16/2017,527,-1.31,536,527,2058,1091490,195,192
1/15/2017,534,-1.48,542,530,2339,1253888,196,193
1/12/2017,542,0.37,546,531,5428,2925146,197,194
1/11/2017,540,0,550,540,8359,4558612,198,195
1/10/2017,540,0,550,540,4148,2249676,199,196
1/9/2017,540,3.05,540,521,5545,2947042,200,197
1/8/2017,524,-0.76,529,520,5593,2926079,201,198
1/5/2017,528,-0.38,533,520,8287,4378949,202,199
1/4/2017,530,0,535,510,6130,3225775,203,200
1/3/2017,530,-2.75,550,530,8202,4415197,204,201
1/2/2017,545,0,560,545,19457,10709727,205,202
1/1/2017,545,3.61,555,535,18373,10076866,206,203
12/29/2016,526,5.62,526,502,19494,10089179,207,204
12/28/2016,498,0.61,505,495,5725,2863189,208,205
12/27/2016,495,-0.4,506,483,10568,5233623,209,206
12/26/2016,497,-3.12,510,497,7763,3894717,210,207
12/22/2016,513,0.39,513,506,8026,4103396,211,208
12/21/2016,511,-1.73,525,500,6654,3429880,212,209
12/20/2016,520,0,530,505,9974,5158258,213,210
12/19/2016,520,-3.7,535,520,6963,3662720,214,211
12/18/2016,540,-0.37,540,525,6847,3651601,215,212
12/15/2016,542,2.26,542,530,4365,2336919,216,213
12/14/2016,530,0.95,535,525,5246,2776288,217,214
12/12/2016,525,-0.94,530,515,1484,775586,218,215
12/11/2016,530,-1.85,541,529,3290,1755127,219,216
12/8/2016,540,-1.82,550,540,4444,2408365,220,217
12/7/2016,550,0,553,543,1850,1014612,221,218
12/6/2016,550,0.92,555,540,3030,1658237,222,219
12/5/2016,545,-2.33,558,530,3418,1858251,223,220
12/4/2016,558,-2.96,571,558,3739,2095270,224,221
12/1/2016,575,-0.17,590,556,12639,7301002,225,222
11/30/2016,576,3.78,589,550,17082,9590594,226,223
11/29/2016,555,5.71,560,505,6827,3685039,227,224
11/28/2016,525,4.58,535,480,20030,9903603,228,225
11/27/2016,502,-4.74,528,500,14556,7400232,229,226
11/24/2016,527,0.38,540,523,10536,5553951,230,227
11/23/2016,525,-4.55,540,520,9827,5206229,231,228
11/22/2016,550,-0.9,560,538,6174,3389711,232,229
11/21/2016,555,-0.18,565,541,6653,3669875,233,230
11/20/2016,556,-4.14,571,530,6046,3314277,234,231
11/17/2016,580,-2.52,595,580,5087,2979229,235,232
11/16/2016,595,-0.17,600,588,4803,2861582,236,233
11/15/2016,596,-0.67,612,590,7995,4812885,237,234
11/14/2016,600,0,609,595,6752,4045871,238,235
11/13/2016,600,0,610,598,7038,4235385,239,236
11/10/2016,600,0,607,596,4874,2927348,240,237
11/9/2016,600,-1.64,613,594,5406,3247293,241,238
11/8/2016,610,-2.4,630,605,5340,3293823,242,239
11/7/2016,625,-3.1,646,615,1784,1127016,243,240
11/3/2016,645,1.1,650,626,906,577224,244,241
10/27/2016,638,-0.62,645,630,2964,1899283,245,242
10/26/2016,642,-0.47,650,640,4364,2809908,246,243
10/25/2016,645,-1.23,650,640,3856,2481779,247,244
10/24/2016,653,-0.31,661,649,7673,5004546,248,245
10/23/2016,655,-2.09,665,655,6226,4100594,249,246
10/20/2016,669,0.6,677,661,2944,1967195,250,247
10/19/2016,665,-0.75,670,660,3950,2620054,251,248
10/18/2016,670,0.15,675,661,1206,804747,252,249
10/17/2016,669,-2.05,683,660,3931,2631477,253,250
10/16/2016,683,0,703,679,1795,1231305,254,251
10/6/2016,683,0.44,690,670,2238,1518931,255,252
10/5/2016,680,1.8,680,667,1002,674106,256,253
10/4/2016,668,-0.6,680,667,7550,5062162,257,254
10/3/2016,672,-1.18,690,670,2351,1602075,258,255
10/2/2016,680,1.49,684,670,4644,3147376,259,256
9/29/2016,670,-0.3,670,660,3261,2179255,260,257
9/28/2016,672,0,677,670,1414,952154,261,258
9/27/2016,672,-0.44,684,672,4456,3015421,262,259
9/26/2016,675,-3.16,690,659,10691,7175950,263,260
9/25/2016,995,-2.36,1020,990,114461,114824129,264,261
9/22/2016,1019,-0.59,1032,997,31362,31848766,265,262
9/21/2016,1025,-1.82,1045,1020,24012,24686690,266,263
9/20/2016,1044,-0.57,1071,1040,42584,44752147,267,264
9/18/2016,1050,0,1052,1035,11307,11817951,268,265
9/14/2016,1050,0,1059,1046,11695,12301220,269,266
9/12/2016,1050,0,1060,1048,29095,30665683,270,267
9/11/2016,1050,-0.38,1075,1042,29449,30976283,271,268
9/8/2016,1054,-1.03,1058,1040,15717,16504253,272,269
9/7/2016,1065,3.6,1065,1011,62511,65481612,273,270
9/6/2016,1028,-1.44,1055,1011,25608,26702176,274,271
9/5/2016,1043,2.25,1056,1020,34803,36427617,275,272
9/4/2016,1020,2.2,1029,989,13611,13681335,276,273
9/3/2016,1020,2.2,1029,989,13611,13681335,277,274
9/1/2016,998,-0.1,1010,990,15887,15973715,278,275
8/31/2016,999,0,1005,985,19708,19578397,279,276
8/30/2016,999,1.63,1002,983,16862,16755667,280,277
8/29/2016,983,1.87,995,965,14088,13758972,281,278
8/28/2016,965,-0.52,980,958,5090,4924410,282,279
8/24/2016,970,0,984,951,7338,7059284,283,280
8/23/2016,970,0.62,983,948,12823,12308227,284,281
8/22/2016,964,-3.12,1000,962,6697,6511253,285,282
8/21/2016,995,-0.5,1013,985,8813,8816939,286,283
8/17/2016,1000,1.52,1010,972,16569,16601481,287,284
8/16/2016,985,1.55,1001,970,30158,29962681,288,285
8/15/2016,970,0.21,1006,946,27993,27328435,289,286
8/14/2016,968,-5.1,1001,955,20556,20035729,290,287
8/11/2016,1020,0.99,1020,992,33089,33098281,291,288
8/10/2016,1010,1.51,1020,936,53909,53784988,292,289
8/9/2016,995,9.94,995,923,3567,3473347,293,290
8/8/2016,905,-6.89,965,901,16460,15371467,294,291
8/7/2016,972,0.21,1006,970,25130,25039877,295,292
8/4/2016,970,-3.19,995,955,30904,30373426,296,293
8/2/2016,1000,-2.91,1015,1000,58079,58488030,297,294
8/1/2016,1030,-0.77,1050,995,33867,34223095,298,295
7/28/2016,1060,-1.94,1069,1029,33191,34914371,299,296
7/27/2016,1081,-0.09,1099,1035,40667,43100183,300,297
7/26/2016,1082,1.6,1113,1045,37909,40983128,301,298
7/25/2016,1065,8.23,1065,985,63729,64132381,302,299
7/21/2016,984,0.82,1010,954,43680,42840235,303,300
7/20/2016,976,9.91,976,900,73449,70610321,304,301
7/19/2016,888,6.6,899,830,53355,46055239,305,302
7/18/2016,833,-1.3,865,814,28713,24282672,306,303
7/17/2016,844,9.9,844,765,46553,38156850,307,304
7/14/2016,768,1.05,775,755,11763,8998421,308,305
7/13/2016,760,-0.78,768,740,10620,8007271,309,306
7/12/2016,766,-1.42,784,720,8705,6641752,310,307
7/11/2016,777,2.1,789,761,27375,21279724,311,308
7/10/2016,761,0,765,740,4691,3548440,312,309
7/6/2016,761,2.15,775,743,24816,18965190,313,310
7/5/2016,745,2.05,750,713,20430,14750377,314,311
7/4/2016,730,1.53,730,710,5677,4087850,315,312
7/3/2016,719,-0.42,720,713,11526,8282487,316,313
6/30/2016,722,-0.69,729,716,19936,14451845,317,314
6/29/2016,727,-1.09,732,724,10899,7932804,318,315
6/28/2016,735,-0.54,735,721,12542,9154895,319,316
6/27/2016,739,4.08,739,713,22093,15966204,320,317
6/26/2016,710,1.14,712,703,7223,5121182,321,318
6/23/2016,702,-2.5,720,696,6052,4275171,322,319
6/22/2016,720,2.42,728,706,11454,8181899,323,320
6/21/2016,703,0.43,720,700,9949,7022531,324,321
6/20/2016,700,-0.71,710,697,10740,7545962,325,322
6/19/2016,705,-1.12,714,693,18341,12933260,326,323
6/16/2016,713,-0.97,722,697,14568,10267030,327,324
6/15/2016,720,-0.14,723,712,11057,7937373,328,325
6/14/2016,721,3,725,710,35182,25298420,329,326
6/13/2016,700,3.7,710,680,40671,28383419,330,327
6/12/2016,675,-0.3,689,668,4476,3027832,331,328
6/9/2016,677,0,694,677,7948,5422602,332,329
6/8/2016,677,0,689,676,11892,8086110,333,330
6/7/2016,677,1.04,680,661,9201,6186237,334,331
6/6/2016,670,0.3,670,647,4113,2726752,335,332
6/5/2016,668,0,674,650,8658,5735256,336,333
6/2/2016,668,1.83,682,656,14888,9934706,337,334
6/1/2016,656,-0.46,665,648,10461,6845190,338,335
5/31/2016,659,-1.05,667,653,7732,5098912,339,336
5/30/2016,666,-1.91,679,665,6432,4287041,340,337
5/29/2016,679,0,679,660,10097,6749106,341,338
5/26/2016,679,-0.44,689,657,5751,3902538,342,339
5/25/2016,682,-1.16,692,671,13438,9073302,343,340
5/24/2016,690,0.73,695,685,7665,5286530,344,341
5/23/2016,685,0.74,690,677,14290,9764487,345,342
5/22/2016,680,-0.58,686,670,2404,1636156,346,343
5/19/2016,684,0.15,694,675,14300,9713996,347,344
5/18/2016,683,0.44,693,680,7927,5423667,348,345
5/17/2016,680,2.56,680,662,16189,10889112,349,346
5/16/2016,663,-0.45,663,653,4406,2896216,350,347
5/15/2016,666,-1.04,667,654,4754,3149707,351,348
5/12/2016,673,2.75,673,655,26491,17477537,352,349
5/11/2016,655,2.02,655,640,11538,7490374,353,350
5/10/2016,642,-1.08,659,637,3444,2241677,354,351
5/9/2016,649,2.37,663,640,20133,13029520,355,352
5/8/2016,634,0.32,644,617,5668,3564553,356,353
5/5/2016,632,0,632,610,6608,4139075,357,354
5/4/2016,632,-1.25,639,629,5406,3414300,358,355
5/3/2016,640,0,644,635,7259,4633403,359,356
5/2/2016,640,0.31,645,627,18127,11467485,360,357
4/28/2016,638,-1.39,651,638,7618,4933592,361,358
4/27/2016,647,1.41,655,632,10197,6611583,362,359
4/26/2016,638,-2.6,651,638,6470,4155678,363,360
4/25/2016,655,2.34,663,641,11479,7493199,364,361
4/24/2016,640,1.59,649,622,11906,7541497,365,362
4/21/2016,630,4.13,630,595,26726,16235359,366,363
4/20/2016,605,1,607,596,12246,7361983,367,364
4/19/2016,599,-2.12,605,590,2370,1416095,368,365
4/18/2016,612,2.86,612,570,12148,7248505,369,366
4/17/2016,595,0.68,602,582,7426,4379665,370,367
4/14/2016,591,5.54,591,560,3092,1771336,371,368
4/12/2016,560,-2.78,565,560,1071,603510,372,369
4/11/2016,576,-1.2,584,572,2445,1409412,373,370
4/10/2016,671,-1.32,685,670,35135,23737440,374,371
4/6/2016,680,-0.58,689,677,17535,11952975,375,372
4/5/2016,684,0.59,685,670,22777,15508820,376,373
4/4/2016,680,1.49,680,670,12643,8525338,377,374
4/3/2016,670,1.82,690,652,15676,10478399,378,375
3/31/2016,658,-1.05,663,655,7572,4988530,379,376
3/30/2016,665,-0.6,680,661,8799,5864634,380,377
3/29/2016,669,-0.3,673,657,7922,5281524,381,378
3/28/2016,671,-0.3,685,658,16225,10830318,382,379
3/27/2016,673,2.75,673,650,25338,16658204,383,380
3/24/2016,655,0.31,678,651,11367,7485528,384,381
3/23/2016,653,0.77,664,648,8568,5600722,385,382
3/21/2016,648,-1.82,666,648,24495,16078607,386,383
3/20/2016,660,-0.75,671,656,16552,10983700,387,384
3/17/2016,665,-1.34,672,665,14604,9756375,388,385
3/16/2016,674,1.35,679,655,9375,6249373,389,386
3/15/2016,665,-1.04,674,655,14526,9613635,390,387
3/14/2016,672,-4.95,715,665,31398,21493117,391,388
3/13/2016,707,2.02,734,700,133833,95856392,392,389
3/10/2016,693,10,693,640,69293,46707061,393,390
3/6/2016,630,2.11,635,610,22567,14134927,394,391
3/3/2016,617,3.01,620,590,31519,19177235,395,392
3/2/2016,599,2.39,609,580,3609,2136405,396,393
3/1/2016,585,-0.68,590,583,4675,2730512,397,394
2/29/2016,589,-0.17,590,586,4735,2780790,398,395
2/28/2016,590,0.85,595,587,10168,6007273,399,396
2/25/2016,585,-1.68,605,581,5816,3430324,400,397
2/24/2016,595,-1.65,603,590,4249,2518299,401,398
2/23/2016,605,2.54,609,585,16364,9764387,402,399
2/22/2016,590,0,595,585,6229,3688123,403,400
2/21/2016,590,0.34,598,585,21553,12728549,404,401
2/18/2016,588,-0.34,596,588,20751,12270075,405,402
2/17/2016,590,2.43,590,560,14601,8528821,406,403
2/16/2016,576,-2.37,600,571,4767,2799893,407,404
2/15/2016,590,3.51,590,555,10726,6061864,408,405
2/14/2016,570,-1.72,579,561,7802,4436076,409,406
2/11/2016,580,-1.69,590,580,4680,2730671,410,407
2/8/2016,590,-0.84,594,584,10270,6059581,411,408
2/7/2016,595,1.02,604,585,12440,7361320,412,409
2/4/2016,589,2.61,589,573,11203,6492736,413,410
2/3/2016,574,-1.03,580,572,4671,2684609,414,411
2/2/2016,580,-0.68,595,580,7156,4168977,415,412
2/1/2016,584,1.74,588,572,12969,7545537,416,413
1/31/2016,574,-1.37,590,571,5068,2918430,417,414
1/28/2016,582,-0.51,585,576,6324,3664624,418,415
1/27/2016,585,-1.68,590,580,4958,2893376,419,416
1/26/2016,595,0,601,593,16386,9752865,420,417
1/25/2016,595,-0.67,615,594,7231,4345564,421,418
1/24/2016,599,2.74,599,589,34629,20527497,422,419
1/21/2016,583,-1.69,600,577,23814,13960635,423,420
1/20/2016,593,4.4,615,579,53666,31675099,424,421
1/19/2016,568,-2.07,576,547,15212,8613242,425,422
1/18/2016,580,0.87,608,561,19463,11291000,426,423
1/17/2016,575,5.5,591,541,69927,39014550,427,424
1/14/2016,545,3.02,545,524,22823,12096491,428,425
1/13/2016,529,1.54,531,517,2677,1399719,429,426
1/12/2016,521,-0.76,526,521,4907,2569746,430,427
1/12/2016,521,-0.76,526,521,4907,2569746,431,428
1/11/2016,525,1.35,529,511,11440,5985031,432,429
1/10/2016,518,0.58,520,506,5622,2894903,433,430
1/7/2016,515,3,520,505,7371,3793858,434,431
1/6/2016,500,-0.99,507,495,4686,2343512,435,432
1/5/2016,505,-0.2,515,500,4135,2078994,436,433
1/4/2016,506,-2.32,528,502,6760,3441749,437,434
1/3/2016,518,1.97,518,499,8407,4251883,438,435
12/31/2015,508,1.6,513,500,5772,2944277,439,436
12/29/2015,500,0.2,508,496,7138,3572922,440,437
12/28/2015,499,-0.6,504,497,2290,1144350,441,438
12/27/2015,502,-1.57,505,499,12349,6175634,442,439
12/24/2015,510,2.82,510,490,11469,5764821,443,440
12/23/2015,496,-3.13,510,496,6162,3098292,444,441
12/22/2015,512,-3.21,559,510,21836,11421371,445,442
12/21/2015,529,9.98,529,481,47347,24243546,446,443
12/20/2015,481,3.44,483,462,16618,7859498,447,444
12/17/2015,465,3.33,468,451,1388,637154,448,445
12/16/2015,450,1.12,453,448,7554,3401659,449,446
12/15/2015,445,-1.11,446,440,3918,1732598,450,447
12/14/2015,450,-1.32,453,450,2818,1270993,451,448
12/13/2015,456,-1.94,465,456,1652,755440,452,449
12/10/2015,465,-0.85,469,450,934,429220,453,450
12/9/2015,469,3.99,469,460,1612,743343,454,451
12/8/2015,451,-0.88,455,447,2091,946978,455,452
12/7/2015,455,-2.15,456,454,860,391040,456,453
12/6/2015,465,3.33,468,459,2902,1335158,457,454
12/3/2015,450,-0.22,459,450,3472,1572584,458,455
12/2/2015,451,-0.66,451,445,3272,1468984,459,456
12/1/2015,454,5.34,454,439,5943,2658366,460,457
11/30/2015,431,2.62,450,424,4935,2134577,461,458
11/29/2015,420,-6.04,442,420,9273,3936822,462,459
11/26/2015,447,-0.67,450,435,2656,1172867,463,460
11/25/2015,450,-1.1,461,448,6331,2852031,464,461
11/24/2015,455,0.66,461,451,1170,531661,465,462
11/23/2015,452,0,452,449,4235,1907885,466,463
11/22/2015,452,-2.8,460,451,2625,1190408,467,464
11/19/2015,465,-1.06,475,460,1940,912850,468,465
11/18/2015,470,-0.21,475,467,1230,576640,469,466
11/16/2015,471,-0.84,471,467,250,116950,470,467
11/15/2015,475,-0.42,475,470,1170,553870,471,468
11/10/2015,477,-1.24,485,474,8443,4023172,472,469
11/9/2015,483,4.55,483,469,4949,2351788,473,470
11/8/2015,462,0.43,462,451,607,276552,474,471
11/5/2015,460,-1.29,463,460,878,404480,475,472
11/4/2015,466,1.97,470,449,1462,681376,476,473
11/3/2015,457,-0.87,457,455,81,36915,477,474
11/2/2015,461,1.1,470,450,3088,1434022,478,475
11/1/2015,456,-2.98,469,450,4509,2063283,479,476
10/29/2015,470,0.86,475,466,1970,922200,480,477
10/28/2015,466,-1.27,472,455,2955,1368611,481,478
10/27/2015,472,-1.87,472,465,3737,1751510,482,479
10/25/2015,481,-3.8,490,480,2481,1194861,483,480
10/19/2015,500,1.01,500,489,2033,998600,484,481
10/18/2015,495,-0.8,495,487,8306,4064550,485,482
10/15/2015,499,1.01,499,476,6688,3270296,486,483
10/14/2015,494,-6.79,540,493,9865,4967086,487,484
10/11/2015,530,7.07,544,504,93601,49644307,488,485
10/8/2015,495,10,495,443,15581,7496975,489,486
10/7/2015,450,2.27,450,440,511,226240,490,487
10/6/2015,440,-1.12,445,435,5822,2551250,491,488
10/5/2015,445,-1.33,460,442,2871,1282625,492,489
10/4/2015,451,-1.74,455,443,2200,991200,493,490
10/1/2015,459,2,460,444,5128,2310969,494,491
9/30/2015,450,0,468,442,4851,2200320,495,492
9/29/2015,450,0,459,450,2289,1030140,496,493
9/28/2015,450,-2.17,454,446,1581,713289,497,494
9/24/2015,460,-1.08,461,456,956,439860,498,495
9/23/2015,465,1.97,474,460,9252,4268830,499,496
9/22/2015,456,-5,471,456,9991,4642437,500,497
9/17/2015,480,-1.44,488,475,5292,2541780,501,498
9/16/2015,487,-1.62,490,486,1186,578936,502,499
9/15/2015,495,-1,505,486,1356,672126,503,500
9/14/2015,500,0,511,492,4489,2263296,504,501
9/13/2015,500,4.38,500,480,9190,4422736,505,502
9/10/2015,479,-0.21,489,472,7097,3424204,506,503
9/9/2015,480,-1.64,480,480,41,19680,507,504
9/8/2015,488,-1.81,496,488,651,322088,508,505
9/7/2015,497,3.54,497,475,2252,1091608,509,506
9/6/2015,480,3.23,485,474,1710,823782,510,507
9/3/2015,465,-4.32,478,465,760,360690,511,508
9/2/2015,486,-1.82,486,486,1000,486000,512,509
9/1/2015,495,-1,500,493,6425,3195841,513,510
8/31/2015,500,0,503,496,3126,1560900,514,511
8/27/2015,500,-0.99,505,500,1382,691410,515,512
8/26/2015,505,-1.94,506,505,1300,656700,516,513
8/25/2015,515,1.78,515,496,3076,1540334,517,514
8/24/2015,506,0,509,505,2386,1208981,518,515
8/23/2015,506,-3.62,516,505,8354,4266993,519,516
8/20/2015,525,-0.57,548,525,5070,2747398,520,517
8/19/2015,528,1.93,528,510,4816,2481868,521,518
8/18/2015,518,6.8,518,494,17564,8882141,522,519
8/18/2015,518,6.8,518,494,17564,8882141,523,520
8/17/2015,485,9.98,485,449,14033,6783465,524,521
8/16/2015,441,-0.68,456,441,15570,7003978,525,522
8/13/2015,444,-0.22,459,438,8463,3815927,526,523
8/12/2015,445,-2.2,450,436,4305,1912728,527,524
8/11/2015,455,-5.01,470,452,2244,1040914,528,525
8/10/2015,479,2.13,488,470,8260,3946984,529,526
8/9/2015,469,1.3,469,450,9306,4284284,530,527
8/6/2015,463,2.43,465,455,8242,3792897,531,528
8/5/2015,452,2.49,459,437,6625,2937510,532,529
8/4/2015,441,-3.5,460,439,7651,3383326,533,530
8/3/2015,457,2.47,458,440,3667,1649736,534,531
8/2/2015,446,-0.89,449,445,558,249171,535,532
7/30/2015,450,-3.64,465,450,3973,1815435,536,533
7/29/2015,467,-2.71,471,467,120,56320,537,534
7/28/2015,480,-3.61,489,480,682,328922,538,535
7/27/2015,498,-2.54,521,476,8007,3888936,539,536
7/26/2015,511,9.89,511,474,140,70600,540,537
7/23/2015,465,5.68,465,435,7731,3451191,541,538
7/22/2015,440,1.85,442,421,7356,3155266,542,539
7/16/2015,432,4.1,432,416,391,163902,543,540
7/15/2015,415,1.22,418,408,2601,1075295,544,541
7/14/2015,410,0.24,414,406,3414,1399073,545,542
7/13/2015,409,-0.49,410,409,1242,508699,546,543
7/12/2015,411,0.24,412,405,5083,2078989,547,544
7/9/2015,410,0.49,416,410,401,165640,548,545
7/8/2015,408,0.74,409,406,2073,843825,549,546
7/7/2015,405,0.25,410,404,6448,2614217,550,547
7/6/2015,404,-3.12,417,403,330,134060,551,548
7/5/2015,417,2.96,419,408,1564,646616,552,549
7/2/2015,405,-1.22,408,403,4059,1643141,553,550
7/1/2015,410,-1.2,410,408,572,233930,554,551
6/30/2015,415,-1.19,415,406,6613,2708936,555,552
6/29/2015,420,0,420,406,8930,3669790,556,553
6/28/2015,420,0.24,420,415,2180,910700,557,554
6/25/2015,419,1.21,420,417,833,348643,558,555
6/24/2015,414,-1.43,425,414,1269,529878,559,556
6/23/2015,420,1.2,423,415,7897,3292563,560,557
6/22/2015,415,0,420,410,1380,571866,561,558
6/21/2015,415,-0.24,416,413,1001,415603,562,559
6/18/2015,416,-1.65,422,412,873,362996,563,560
6/17/2015,423,-0.7,426,418,1700,720030,564,561
6/16/2015,426,1.19,426,418,1298,544264,565,562
6/15/2015,421,1.94,427,407,1505,629122,566,563
6/14/2015,413,-2.82,420,413,2431,1013256,567,564
6/11/2015,425,-2.97,432,422,2209,941044,568,565
6/10/2015,438,-2.23,440,432,880,381800,569,566
6/9/2015,448,4.19,463,438,3888,1753306,570,567
6/8/2015,430,0,438,425,1959,842943,571,568
6/8/2015,430,0,438,425,1959,842943,572,569
6/8/2015,430,0,438,425,1959,842943,573,570
6/7/2015,430,2.38,435,425,5611,2408058,574,571
6/4/2015,420,-2.78,440,420,2566,1100750,575,572
6/3/2015,432,8,432,402,1581,662618,576,573
6/2/2015,400,0,402,400,181,72480,577,574
6/1/2015,400,0.76,404,390,2353,937623,578,575
5/31/2015,397,1.79,402,392,1141,455848,579,576
5/28/2015,390,3.72,393,380,2330,901410,580,577
5/27/2015,376,-5.29,390,376,230,87810,581,578
5/26/2015,397,8.77,397,370,1215,466395,582,579
5/25/2015,365,-6.89,385,360,844,307401,583,580
5/24/2015,392,-9.26,424,392,90,36080,584,581
4/23/2015,432,-1.82,434,430,1563,674415,585,582
4/22/2015,440,0.23,440,435,619,269707,586,583
4/21/2015,439,0.69,439,431,1312,569615,587,584
4/20/2015,436,0,439,434,1363,594229,588,585
4/19/2015,436,-0.23,437,429,820,355050,589,586
4/16/2015,468,-1.27,468,455,8979,4145565,590,587
4/15/2015,474,0.42,475,455,13284,6136508,591,588
4/13/2015,472,-1.46,472,461,4158,1942976,592,589
4/12/2015,479,1.7,482,468,4345,2055726,593,590
4/9/2015,471,2.84,471,451,7084,3217233,594,591
4/8/2015,458,1.78,464,449,2164,977352,595,592
4/7/2015,450,0,451,446,2372,1064202,596,593
4/6/2015,450,-1.1,460,446,3678,1651428,597,594
4/5/2015,455,-2.15,471,452,1330,609170,598,595
4/2/2015,465,0.22,465,455,3444,1570932,599,596
4/1/2015,464,0.65,464,454,2590,1193443,600,597
3/31/2015,461,0.44,465,458,1282,591842,601,598
3/30/2015,459,-2.13,469,451,3598,1648978,602,599
3/29/2015,469,-1.47,470,469,531,249540,603,600
3/26/2015,476,1.28,476,463,966,450516,604,601
3/25/2015,470,0.64,470,459,797,369900,605,602
3/24/2015,467,-0.43,469,464,1251,582689,606,603
3/23/2015,469,0.43,470,463,4993,2323706,607,604
3/22/2015,467,-2.71,476,464,6630,3104974,608,605
3/19/2015,480,1.69,480,470,1882,889894,609,606
3/18/2015,472,0.21,472,466,1901,893189,610,607
3/17/2015,471,0,473,467,731,343263,611,608
3/16/2015,471,-0.84,475,467,1607,754534,612,609
3/15/2015,475,0,480,471,2644,1253119,613,610
3/12/2015,475,-0.42,490,470,1710,821008,614,611
3/11/2015,477,-0.83,485,477,1618,776848,615,612
3/10/2015,481,-3.22,490,472,1061,516270,616,613
3/9/2015,497,3.97,504,485,8858,4363621,617,614
3/4/2015,478,-1.04,492,476,2209,1070845,618,615
3/3/2015,483,0.63,484,471,1590,760544,619,616
3/2/2015,480,0,495,475,1111,538538,620,617
3/1/2015,480,1.05,480,470,1184,563346,621,618
2/26/2015,475,1.06,475,460,2405,1117678,622,619
2/25/2015,470,1.08,471,459,2152,1006176,623,620
2/24/2015,465,0.22,465,460,3018,1399450,624,621
2/23/2015,464,0,465,456,3374,1556568,625,622
2/22/2015,464,-2.11,472,464,3088,1442825,626,623
2/18/2015,474,-1.04,479,472,2807,1332903,627,624
2/16/2015,479,0.42,479,472,4307,2045393,628,625
2/16/2015,479,0.42,479,472,4307,2045393,629,626
2/15/2015,477,-1.04,482,476,1086,518101,630,627
2/12/2015,482,1.26,485,475,5980,2867563,631,628
2/11/2015,476,0.21,480,470,3776,1793976,632,629
2/10/2015,475,-0.84,475,463,3543,1667238,633,630
2/9/2015,479,0.84,484,470,6337,3022364,634,631
2/8/2015,475,0.42,476,471,2025,961031,635,632
2/5/2015,473,-1.46,489,471,2868,1359038,636,633
2/4/2015,480,-0.62,485,475,1946,934257,637,634
2/3/2015,483,-0.82,490,472,2126,1022403,638,635
2/2/2015,487,-1.22,494,485,3667,1790141,639,636
2/1/2015,493,-1.4,496,491,4653,2293868,640,637
1/29/2015,500,-1.77,512,495,10005,5006801,641,638
1/28/2015,509,1.19,513,498,15503,7844801,642,639
1/27/2015,503,4.57,510,478,13660,6777883,643,640
1/26/2015,481,1.26,484,470,5767,2756099,644,641
1/25/2015,475,0.42,483,466,2889,1376546,645,642
1/22/2015,473,-1.05,477,470,1265,600389,646,643
1/20/2015,478,-1.85,489,474,10113,4855761,647,644
1/19/2015,487,2.53,499,480,7796,3815845,648,645
1/18/2015,475,-1.86,485,473,5160,2457433,649,646
1/14/2015,484,1.89,489,467,11042,5227331,650,647
1/13/2015,475,0.42,475,466,1012,478410,651,648
1/12/2015,473,-2.27,479,468,3521,1662570,652,649
1/11/2015,484,2.33,484,465,3451,1634939,653,650
1/8/2015,473,-0.63,480,472,2511,1192029,654,651
1/7/2015,476,0.21,476,467,3541,1665797,655,652
1/6/2015,475,-2.46,480,466,3920,1855816,656,653
1/5/2015,487,1.88,487,471,1739,828237,657,654
1/4/2015,478,-0.21,481,474,1201,572959,658,655
1/1/2015,479,0.63,485,470,2695,1283385,659,656
12/31/2014,476,0.21,490,464,2969,1398316,660,657
12/29/2014,475,-1.86,484,466,2105,1003216,661,658
12/28/2014,484,2.98,484,470,3257,1544943,662,659
12/28/2014,484,2.98,484,470,3257,1544943,663,660
12/24/2014,470,0.64,470,458,3183,1469000,664,661
12/23/2014,467,-1.27,470,447,2357,1085223,665,662
12/22/2014,473,1.94,473,452,4523,2091099,666,663
12/21/2014,464,-3.33,475,461,3044,1412599,667,664
12/18/2014,480,-1.03,480,465,2212,1042527,668,665
12/17/2014,485,-1.42,488,479,3200,1541419,669,666
12/16/2014,492,-1.01,494,470,5232,2561451,670,667
12/15/2014,497,1.43,505,481,4393,2164203,671,668
12/14/2014,490,4.48,493,474,3724,1791711,672,669
12/11/2014,469,-0.21,479,457,4644,2144460,673,670
12/10/2014,470,5.38,470,446,567,258977,674,671
12/9/2014,446,-0.45,450,442,2366,1055494,675,672
12/8/2014,448,-0.88,450,443,1290,576619,676,673
12/7/2014,452,-2.59,458,448,1718,778573,677,674
12/4/2014,464,1.98,469,460,2277,1053864,678,675
12/3/2014,455,0.44,467,447,2153,981696,679,676
12/2/2014,453,2.26,453,435,1108,490210,680,677
12/1/2014,443,-0.45,448,439,1733,765978,681,678
11/30/2014,445,-2.63,457,441,1452,645427,682,679
11/25/2014,457,-1.72,465,457,71,32695,683,680
11/24/2014,465,-3.13,475,461,1129,527558,684,681
11/23/2014,480,5.03,485,457,5920,2802147,685,682
11/20/2014,457,0,460,449,3097,1415268,686,683
11/19/2014,457,2.01,466,440,1602,725958,687,684
11/18/2014,448,4.19,449,415,5593,2436446,688,685
11/17/2014,430,-5.49,453,430,5025,2222843,689,686
11/16/2014,455,-1.73,463,455,2659,1216890,690,687
11/13/2014,463,-1.49,479,455,5215,2419866,691,688
11/12/2014,470,0,477,462,3095,1456430,692,689
11/11/2014,470,0.21,470,443,2460,1127792,693,690
11/10/2014,469,-0.21,471,459,7137,3301463,694,691
11/9/2014,470,-3.29,482,470,4361,2066075,695,692
11/6/2014,486,-0.82,490,481,4774,2310227,696,693
11/5/2014,490,2.08,493,477,3198,1561916,697,694
11/4/2014,480,0.42,480,461,4283,2036039,698,695
11/3/2014,478,-1.85,490,476,2984,1438935,699,696
11/2/2014,487,-1.81,488,484,3479,1691461,700,697
10/30/2014,496,-1.39,502,496,3239,1615458,701,698
10/28/2014,503,-0.98,507,496,3103,1559251,702,699
10/27/2014,508,1.4,508,500,826,414552,703,700
10/26/2014,501,-0.79,501,495,318,158551,704,701
10/22/2014,505,-0.2,514,495,2166,1085421,705,702
10/21/2014,506,-1.17,517,506,1623,825062,706,703
10/20/2014,512,-2.29,515,504,1855,943601,707,704
10/19/2014,524,2.34,524,495,2531,1283847,708,705
10/16/2014,512,0.79,515,500,2026,1036190,709,706
10/15/2014,508,1.6,510,500,3468,1751854,710,707
10/14/2014,500,0.81,505,496,2216,1115048,711,708
10/13/2014,496,-0.6,501,490,6363,3163546,712,709
10/12/2014,499,-3.11,519,494,3534,1775044,713,710
10/9/2014,515,-0.96,520,514,4332,2232742,714,711
10/8/2014,520,-0.38,520,507,1950,1004294,715,712
9/30/2014,522,-4.92,545,522,4135,2203088,716,713
9/29/2014,549,3,549,526,2590,1383477,717,714
9/28/2014,533,0,535,520,5441,2872819,718,715
9/24/2014,533,4.72,555,509,27922,14918155,719,716
9/23/2014,509,9.94,509,472,1603,812465,720,717
9/22/2014,463,-2.11,478,450,4694,2150250,721,718
9/21/2014,473,-5.4,491,472,4876,2330048,722,719
9/18/2014,500,1.83,500,485,4308,2113234,723,720
9/17/2014,491,-1.8,501,491,2141,1059526,724,721
9/16/2014,500,1.01,500,493,5664,2813054,725,722
9/15/2014,495,-1.2,500,490,4559,2263865,726,723
9/14/2014,501,-1.76,507,495,11790,5894531,727,724
9/11/2014,510,-0.97,515,494,5116,2564786,728,725
9/10/2014,515,0.98,550,502,17200,9003879,729,726
9/9/2014,510,6.92,514,480,6261,3123354,730,727
9/7/2014,477,-7.56,513,477,8707,4224592,731,728
9/4/2014,516,-3.37,528,514,13269,6900500,732,729
9/3/2014,534,-1.11,550,531,6177,3338441,733,730
9/1/2014,540,-0.74,540,524,8096,4263430,734,731
8/31/2014,544,-1.98,555,529,7186,3881419,735,732
8/28/2014,555,-0.72,581,555,9333,5290522,736,733
8/27/2014,559,5.08,585,540,13712,7637563,737,734
8/26/2014,532,-4.83,590,527,13423,7398733,738,735
8/25/2014,559,-6.83,588,548,13049,7367250,739,736
8/24/2014,600,0,607,586,12176,7224524,740,737
8/21/2014,600,-0.83,609,580,12597,7501131,741,738
8/20/2014,605,-0.82,610,588,19673,11856208,742,739
8/19/2014,610,-0.33,620,596,17808,10869120,743,740
8/18/2014,612,-6.85,644,595,37244,22612552,744,741
8/14/2014,657,-0.45,670,647,15244,10054548,745,742
8/13/2014,660,2.33,660,633,13102,8449188,746,743
8/12/2014,645,-1.53,649,630,7449,4790514,747,744
8/7/2014,655,0.77,668,635,27587,17792836,748,745
8/6/2014,650,-1.07,660,649,19442,12733444,749,746
8/5/2014,657,1.08,670,648,19507,12914583,750,747
8/4/2014,650,-1.37,656,641,16927,10936168,751,748
8/3/2014,659,-1.79,662,650,14283,9369036,752,749
7/31/2014,671,-1.32,685,666,17974,12129488,753,750
7/30/2014,680,-2.16,700,670,18615,12729507,754,751
7/28/2014,695,-0.57,696,686,11965,8266627,755,752
7/27/2014,699,-0.57,700,690,19175,13359885,756,753
7/24/2014,703,-0.99,709,694,18897,13278013,757,754
7/23/2014,710,-0.7,711,698,19797,13946533,758,755
7/22/2014,715,-3.38,729,700,26067,18395942,759,756
7/21/2014,740,1.93,740,700,23797,17135329,760,757
7/20/2014,726,-0.41,770,715,17347,12664584,761,758
7/17/2014,729,-3.57,742,700,20796,14870226,762,759
7/16/2014,756,9.57,756,682,15232,10654212,763,760
7/15/2014,690,0,693,680,13822,9495058,764,761
7/14/2014,690,-1.15,725,687,41992,29488397,765,762
7/13/2014,698,3.1,739,677,41709,29179671,766,763
7/10/2014,677,2.58,690,645,53832,35530679,767,764
7/9/2014,660,5.1,690,630,64933,43299474,768,765
7/8/2014,628,9.98,628,575,75326,47099142,769,766
7/7/2014,571,3.82,571,540,23528,12913417,770,767
7/6/2014,550,1.85,550,535,10936,5934234,771,768
7/3/2014,540,2.66,540,511,10454,5471823,772,769
7/2/2014,526,-0.75,532,520,8711,4581490,773,770
7/1/2014,530,-0.93,536,515,16496,8688752,774,771
6/30/2014,535,0,539,510,17816,9248469,775,772
6/29/2014,535,9.18,535,494,6659,3352126,776,773
6/26/2014,490,0,495,486,2294,1124885,777,774
6/25/2014,490,0.82,495,481,5342,2611158,778,775
6/24/2014,486,-1.22,493,473,4915,2379604,779,776
6/23/2014,492,-1.01,499,490,2822,1392972,780,777
6/19/2014,497,-0.6,500,495,4887,2433073,781,778
6/18/2014,500,-0.79,506,498,5595,2815179,782,779
6/17/2014,504,0,511,485,13316,6679205,783,780
6/17/2014,504,0,511,485,13316,6679205,784,781
6/16/2014,504,1.2,511,485,17798,8894533,785,782
6/15/2014,498,9.21,498,456,21646,10384789,786,783
6/12/2014,456,-0.65,468,450,5318,2449340,787,784
6/11/2014,459,1.77,472,442,7845,3618724,788,785
6/10/2014,451,2.04,460,440,6762,3048601,789,786
6/9/2014,442,-0.67,447,442,3135,1390085,790,787
6/8/2014,445,-1.33,452,442,4810,2137728,791,788
6/5/2014,451,0.22,455,441,1460,655013,792,789
6/4/2014,450,-3.23,456,450,4933,2231099,793,790
6/3/2014,465,1.09,483,455,3237,1497446,794,791
6/2/2014,460,2.45,460,441,5675,2559270,795,792
6/1/2014,449,-1.32,454,442,3419,1534885,796,793
5/28/2014,455,2.94,459,441,3465,1555696,797,794
5/27/2014,442,0.68,443,438,2651,1168679,798,795
5/26/2014,439,-0.23,448,436,2068,916313,799,796
5/25/2014,440,-0.23,451,440,1964,874085,800,797
5/22/2014,441,0.46,445,437,3420,1506284,801,798
5/21/2014,439,-0.23,442,436,1436,630316,802,799
5/20/2014,440,-0.23,442,436,1380,604137,803,800
5/19/2014,441,0.68,445,435,3738,1648612,804,801
5/18/2014,438,-2.67,449,433,2406,1062455,805,802
5/15/2014,450,-0.44,453,446,1498,672591,806,803
5/15/2014,450,-0.44,453,446,1498,672591,807,804
5/13/2014,452,1.12,460,440,3367,1527250,808,805
5/12/2014,447,-0.89,453,442,6393,2858303,809,806
5/11/2014,451,-2.38,462,446,2232,1005475,810,807
5/8/2014,462,-0.65,465,451,3062,1411016,811,808
5/7/2014,465,-3.13,485,465,3621,1723446,812,809
5/6/2014,480,-1.03,480,458,5111,2390588,813,810
5/4/2014,485,0.21,485,485,146,70810,814,811
4/30/2014,484,4.09,490,460,38545,18407064,815,812
4/29/2014,465,-3.53,485,465,17504,8328232,816,813
4/28/2014,482,-0.82,485,477,17521,8447946,817,814
4/27/2014,486,1.25,495,479,19082,9251327,818,815
4/23/2014,480,-0.83,484,475,6040,2896503,819,816
4/22/2014,484,3.64,484,464,3658,1716191,820,817
4/21/2014,467,-0.64,471,462,4512,2098816,821,818
4/20/2014,470,-1.26,476,465,7619,3569533,822,819
4/17/2014,476,-0.42,479,472,11560,5492372,823,820
4/16/2014,478,0.21,478,472,5706,2710690,824,821
4/15/2014,477,-1.65,480,475,8445,4038532,825,822
4/13/2014,485,1.04,485,475,5766,2760663,826,823
4/10/2014,480,0.21,483,480,3389,1629028,827,824
4/9/2014,479,-0.21,479,474,5534,2641891,828,825
4/7/2014,480,-0.21,483,473,5197,2489076,829,826
4/6/2014,481,-0.62,490,480,8848,4280413,830,827
4/3/2014,484,-1.02,490,480,3927,1909320,831,828
4/2/2014,489,-1.01,494,485,11115,5450211,832,829
4/1/2014,494,0.82,494,487,3932,1927934,833,830
3/31/2014,490,-1.8,492,480,5218,2532600,834,831
3/27/2014,499,-5.49,538,490,20209,10155615,835,832
3/26/2014,528,7.76,528,490,60736,30711330,836,833
3/25/2014,490,-3.35,500,475,29739,14409354,837,834
3/24/2014,507,4.97,510,475,21201,10555473,838,835
3/23/2014,483,3.65,483,458,8169,3790999,839,836
3/20/2014,466,-2.92,478,466,8516,4008312,840,837
3/19/2014,480,5.49,480,446,10946,5102732,841,838
3/18/2014,455,-1.09,457,443,9587,4307964,842,839
3/17/2014,460,-2.13,465,456,5748,2645091,843,840
3/13/2014,470,0.43,471,458,6624,3091316,844,841
3/13/2014,470,0.43,471,458,6624,3091316,845,842
3/12/2014,468,0.43,468,456,5270,2410519,846,843
3/11/2014,466,-2.92,473,466,5775,2712645,847,844
3/10/2014,480,0.63,480,467,11578,5457255,848,845
3/9/2014,477,-1.65,485,476,12131,5814888,849,846
3/6/2014,485,-1.22,492,480,8096,3949166,850,847
3/5/2014,491,0.2,495,485,13670,6701152,851,848
3/4/2014,490,-2,494,475,12645,6121482,852,849
3/3/2014,500,-1.38,500,482,11330,5588614,853,850
2/26/2014,507,-0.59,510,490,11856,5953703,854,851
2/25/2014,510,0,510,492,8159,4056577,855,852
2/24/2014,510,0,521,506,10633,5455405,856,853
2/23/2014,510,0.79,520,502,16883,8625372,857,854
2/20/2014,506,1.2,510,493,12477,6285058,858,855
2/18/2014,500,0.6,502,490,14557,7274455,859,856
2/17/2014,497,-0.6,503,490,10000,4985741,860,857
2/16/2014,500,-1.77,507,490,12363,6140653,861,858
2/13/2014,509,-1.17,518,504,14908,7588708,862,859
2/12/2014,515,-0.58,515,500,10260,5225358,863,860
2/11/2014,518,-0.38,521,510,29068,14978823,864,861
2/10/2014,520,4,550,515,52878,28379587,865,862
2/9/2014,500,0.6,501,488,31751,15848924,866,863
2/6/2014,497,1.02,501,490,18213,9039773,867,864
2/4/2014,499,0,499,481,14068,6914480,868,865
2/3/2014,499,1.84,499,475,16945,8159916,869,866
2/2/2014,490,-2.58,500,485,8622,4222674,870,867
1/29/2014,503,0.8,508,495,29804,14948839,871,868
1/28/2014,499,1.84,500,476,26031,12812248,872,869
1/27/2014,490,-2.58,504,486,9937,4893569,873,870
1/26/2014,503,4.79,522,480,40298,20371358,874,871
1/23/2014,480,0.42,484,469,13779,6598289,875,872
1/22/2014,478,-2.05,487,472,13817,6560366,876,873
1/21/2014,488,-2.4,499,485,11260,5548725,877,874
1/20/2014,500,1.01,519,490,81646,41133902,878,875
1/19/2014,495,1.02,495,473,29053,14135093,879,876
1/16/2014,490,-2.2,499,481,19341,9507699,880,877
1/14/2014,501,1.42,501,489,32504,16167668,881,878
1/13/2014,494,1.65,494,480,19617,9539420,882,879
1/12/2014,486,0.41,497,482,24734,12126000,883,880
1/9/2014,484,-1.43,490,471,20109,9707296,884,881
1/8/2014,491,3.81,497,470,38768,18856015,885,882
1/7/2014,473,0.64,473,460,22161,10397910,886,883
1/6/2014,470,0.43,474,452,25538,11891111,887,884
1/5/2014,468,1.3,475,441,65735,30288296,888,885
1/2/2014,462,5.24,462,416,28467,12539546,889,886
1/1/2014,439,-4.57,455,432,15862,6954305,890,887
12/31/2013,460,-1.08,468,455,25659,11833095,891,888
12/29/2013,465,-1.27,475,450,22999,10658221,892,889
12/26/2013,471,0.43,499,460,15787,7496050,893,890
12/24/2013,469,0,484,451,29712,13932330,894,891
12/23/2013,469,-0.64,475,456,33400,15494694,895,892
12/22/2013,480,-2.04,490,464,19387,9322438,896,893
12/19/2013,493,1.65,500,475,39462,19287968,897,894
12/18/2013,485,-1.02,518,485,29053,14533077,898,895
12/16/2013,490,9.87,490,444,20965,9876974,899,896
12/15/2013,446,9.85,446,405,20003,8387373,900,897
12/12/2013,406,-0.73,420,404,17759,7270362,901,898
12/11/2013,410,2.5,412,393,18473,7444488,902,899
12/10/2013,400,1.01,405,391,28690,11496761,903,900
12/9/2013,396,0.25,405,383,26882,10709798,904,901
12/8/2013,395,-1.25,401,390,16688,6607316,905,902
12/5/2013,400,-0.5,428,385,21081,8531937,906,903
12/4/2013,402,0.5,425,392,12389,5056887,907,904
12/3/2013,400,-1.23,404,389,19402,7700605,908,905
12/2/2013,405,7.71,412,360,20977,8333188,909,906
12/1/2013,376,9.94,376,341,23763,8678552,910,907
11/28/2013,342,0.59,342,334,21680,7342274,911,908
11/27/2013,340,5.92,342,321,36076,12017076,912,909
11/26/2013,321,2.23,329,308,28272,9106933,913,910
11/25/2013,314,-3.09,326,305,13105,4072777,914,911
11/24/2013,324,5.88,336,315,21647,7102843,915,912
11/21/2013,306,5.52,306,295,1316,401056,916,913
11/14/2013,290,1.75,290,280,7095,2016131,917,914
11/13/2013,285,1.06,290,281,13696,3908379,918,915
11/12/2013,282,4.44,288,270,2751,770058,919,916
11/11/2013,270,1.89,271,263,2943,786371,920,917
11/7/2013,270,0,272,265,2913,783807,921,918
11/6/2013,270,-0.37,270,266,3065,819162,922,919
10/31/2013,271,0.37,275,270,4946,1349234,923,920
10/30/2013,270,0.75,271,263,3999,1074211,924,921
10/29/2013,268,0.75,270,266,5113,1372281,925,922
10/28/2013,266,-1.48,269,260,7712,2055026,926,923
10/27/2013,270,-0.37,270,265,6644,1773173,927,924
10/24/2013,271,-2.87,277,266,8658,2361256,928,925
10/23/2013,279,-0.36,279,275,6589,1823788,929,926
10/22/2013,280,-0.36,284,276,2882,804126,930,927
10/21/2013,281,-2.43,286,281,5261,1493206,931,928
10/20/2013,288,2.49,292,272,12323,3530867,932,929
10/17/2013,281,-2.09,293,280,3422,971556,933,930
10/10/2013,287,4.74,287,274,9084,2543741,934,931
10/9/2013,274,0.74,280,268,10880,2986516,935,932
10/7/2013,268,0,272,265,6554,1752440,936,933
10/6/2013,268,2.68,271,260,6298,1679891,937,934
10/3/2013,261,-1.51,268,255,5989,1565000,938,935
10/2/2013,265,3.11,265,255,4507,1174185,939,936
10/1/2013,257,1.58,258,250,6780,1726362,940,937
9/30/2013,253,1.2,255,251,4048,1020083,941,938
9/29/2013,250,0,254,248,5593,1397377,942,939
9/26/2013,250,-0.79,255,248,2947,739707,943,940
9/25/2013,252,-1.18,260,250,2342,595174,944,941
9/24/2013,255,-0.39,260,249,3569,904154,945,942
9/23/2013,256,3.23,256,240,4366,1093319,946,943
9/22/2013,248,-1.2,250,243,3598,891274,947,944
9/19/2013,251,0.8,253,242,7230,1794525,948,945
9/17/2013,249,2.47,250,239,4190,1030774,949,946
9/16/2013,243,-3.19,249,240,3105,759329,950,947
9/15/2013,251,-1.95,255,247,1705,425223,951,948
9/12/2013,256,0,259,255,2297,589964,952,949
9/11/2013,256,-1.54,260,255,3560,913664,953,950
9/10/2013,260,-1.89,263,256,3506,912022,954,951
9/9/2013,265,-1.12,268,260,3761,990215,955,952
9/8/2013,268,-0.74,270,266,1430,383452,956,953
9/5/2013,270,0.75,270,263,4619,1240671,957,954
9/4/2013,268,-0.74,274,265,5881,1581356,958,955
9/3/2013,270,-1.1,273,265,9705,2619325,959,956
9/2/2013,273,0,273,269,4607,1247979,960,957
9/1/2013,273,1.11,278,266,10315,2795826,961,958
8/29/2013,270,0.37,275,261,10781,2920690,962,959
8/27/2013,269,1.51,273,266,5993,1615807,963,960
8/26/2013,265,-3.64,280,265,10512,2853463,964,961
8/25/2013,275,-5.17,290,271,9229,2559665,965,962
8/20/2013,290,-1.69,295,285,14268,4129463,966,963
8/19/2013,295,2.08,299,284,13094,3825734,967,964
8/18/2013,289,5.47,293,271,8762,2496818,968,965
8/15/2013,274,3.4,275,262,17518,4682661,969,966
8/14/2013,265,3.92,275,255,22278,5876172,970,967
8/13/2013,255,-1.16,260,255,12121,3107958,971,968
8/12/2013,258,0,258,254,5404,1382829,972,969
8/11/2013,258,0.78,260,246,6243,1601607,973,970
8/8/2013,256,2.4,256,247,10429,2645586,974,971
8/7/2013,250,4.17,255,239,14766,3668196,975,972
8/6/2013,240,-1.64,244,232,8059,1929139,976,973
8/5/2013,244,3.83,244,230,16970,3996457,977,974
8/4/2013,235,0.86,239,230,6786,1565735,978,975
8/1/2013,233,2.64,234,228,3874,894640,979,976
7/31/2013,227,2.25,239,220,5674,1319038,980,977
7/30/2013,222,0.91,226,213,4366,967312,981,978
7/29/2013,220,0.46,222,218,6445,1417338,982,979
7/28/2013,219,-0.45,220,217,2271,495460,983,980
7/25/2013,220,0,221,217,6133,1346153,984,981
7/24/2013,220,0.46,220,216,3875,845100,985,982
7/23/2013,220,0.46,220,215,2380,522130,986,983
7/22/2013,219,-0.45,219,213,3960,857015,987,984
7/21/2013,220,2.33,222,211,1576,344059,988,985
7/18/2013,215,-1.38,218,211,3565,760658,989,986
7/17/2013,218,2.83,218,209,833,176111,990,987
7/16/2013,212,0,213,208,1405,295776,991,988
7/15/2013,212,-0.47,216,211,520,110330,992,989
7/14/2013,213,0.95,213,211,849,180152,993,990
7/11/2013,211,-1.86,217,210,1952,412900,994,991
7/10/2013,215,-0.46,217,215,906,195796,995,992
7/9/2013,216,1.41,216,212,4180,896995,996,993
7/8/2013,213,0.47,213,210,1314,278717,997,994
7/7/2013,212,-1.85,213,208,1944,409642,998,995
7/4/2013,216,-0.46,218,212,2654,570056,999,996
7/3/2013,217,1.4,223,214,8503,1846323,1000,997
7/2/2013,214,4.9,214,202,6663,1386542,1001,998
7/1/2013,204,0,204,201,8440,1715347,1002,999
6/30/2013,204,0,204,200,4074,826362,1003,1000
6/27/2013,204,-2.86,209,202,2462,506206,1004,1001
6/26/2013,210,-0.94,214,209,2267,476574,1005,1002
6/25/2013,212,3.92,212,201,1591,325869,1006,1003
6/24/2013,204,0.99,204,200,2863,578614,1007,1004
6/23/2013,202,0,205,200,3944,793113,1008,1005
6/20/2013,202,-0.98,204,200,2914,586023,1009,1006
6/19/2013,204,0.49,204,200,2193,443437,1010,1007
6/18/2013,203,-1.46,205,202,3775,767682,1011,1008
6/17/2013,206,0.49,206,201,3177,648719,1012,1009
6/16/2013,205,-0.49,214,205,3116,644132,1013,1010
6/13/2013,206,-3.29,210,205,2734,567220,1014,1011
6/12/2013,213,0,215,209,938,199288,1015,1012
6/11/2013,213,-0.93,217,213,4959,1064592,1016,1013
6/10/2013,215,-2.27,221,214,1674,364055,1017,1014
6/9/2013,220,-0.45,223,218,1275,280850,1018,1015
6/6/2013,221,-1.78,229,220,5457,1210170,1019,1016
6/5/2013,225,0,226,223,3773,848790,1020,1017
6/4/2013,225,0,230,224,5887,1333015,1021,1018
6/3/2013,225,0.9,225,222,2001,449855,1022,1019
6/2/2013,223,-1.33,230,222,2959,663898,1023,1020
5/30/2013,226,0.44,228,224,3965,895230,1024,1021
5/28/2013,225,0,231,222,1841,415405,1025,1022
5/27/2013,225,1.81,228,220,1307,291896,1026,1023
5/26/2013,221,1.38,224,217,2433,534693,1027,1024
5/23/2013,218,-6.03,228,218,2170,478160,1028,1025
5/22/2013,232,-1.28,239,230,2936,684321,1029,1026
5/21/2013,235,5.38,239,225,8468,1943122,1030,1027
5/20/2013,223,0.45,226,218,1461,321313,1031,1028
5/19/2013,222,-4.31,228,222,1205,270695,1032,1029
5/16/2013,232,-0.85,232,230,862,198720,1033,1030
5/15/2013,234,5.41,234,220,1507,342258,1034,1031
5/14/2013,222,0.45,223,219,2285,505106,1035,1032
5/13/2013,221,2.31,221,217,1666,364355,1036,1033
5/12/2013,216,2.86,220,210,2755,597834,1037,1034
5/9/2013,210,-2.33,212,207,480,100140,1038,1035
5/8/2013,215,0,217,212,1152,245944,1039,1036
5/7/2013,215,5.91,218,203,1989,419838,1040,1037
5/6/2013,203,-3.79,207,201,2272,463908,1041,1038
5/5/2013,211,-4.52,227,211,2917,632915,1042,1039
5/2/2013,221,-3.91,230,218,2410,535462,1043,1040
4/30/2013,230,1.32,230,225,3425,775719,1044,1041
4/29/2013,227,0.44,232,226,2263,512829,1045,1042
4/28/2013,226,-1.74,229,226,1623,367960,1046,1043
4/25/2013,230,-3.36,234,225,1360,311840,1047,1044
4/23/2013,238,1.28,239,235,2531,599433,1048,1045
4/22/2013,235,0,235,227,3428,791277,1049,1046
4/21/2013,235,-2.08,238,235,3138,742406,1050,1047
4/18/2013,240,-1.23,243,240,2324,559820,1051,1048
4/17/2013,243,0.83,246,238,2336,563436,1052,1049
4/16/2013,241,0,244,240,2711,651780,1053,1050
4/15/2013,241,-1.63,245,240,1467,354299,1054,1051
4/11/2013,245,0,247,245,2923,717670,1055,1052
4/9/2013,245,0.41,247,243,2150,527330,1056,1053
4/8/2013,244,-0.81,248,244,1805,442849,1057,1054
4/7/2013,246,0.82,246,244,2378,582346,1058,1055
4/4/2013,244,-0.41,245,242,1588,387606,1059,1056
4/3/2013,245,-0.41,250,245,3462,857395,1060,1057
4/2/2013,246,1.65,246,241,5576,1356730,1061,1058
4/1/2013,242,0.83,245,235,6103,1444771,1062,1059
3/31/2013,240,-2.44,246,238,7670,1846622,1063,1060
3/28/2013,246,-0.4,248,243,3297,812378,1064,1061
3/27/2013,247,-0.4,249,245,2307,569636,1065,1062
3/25/2013,248,1.22,250,241,3862,946034,1066,1063
3/24/2013,245,-2,247,242,2999,731283,1067,1064
3/21/2013,250,-1.19,252,245,3174,793134,1068,1065
3/20/2013,253,-2.69,256,252,1903,483472,1069,1066
3/19/2013,260,1.56,261,255,5473,1413615,1070,1067
3/18/2013,256,-1.54,257,252,4336,1106916,1071,1068
3/17/2013,260,-1.89,265,255,5629,1451955,1072,1069
3/14/2013,265,-1.85,275,262,9300,2477564,1073,1070
3/13/2013,270,3.85,275,259,5687,1493131,1074,1071
3/11/2013,260,0,263,257,5405,1405374,1075,1072
3/7/2013,260,1.56,266,252,8671,2265826,1076,1073
3/6/2013,256,1.59,257,250,5661,1440343,1077,1074
3/5/2013,252,0.8,254,249,1333,336037,1078,1075
3/4/2013,250,0,255,250,2021,509122,1079,1076
3/3/2013,250,0,255,248,7283,1830465,1080,1077
2/28/2013,250,0,252,249,9283,2327783,1081,1078
2/27/2013,249,0,250,245,3682,910972,1082,1079
2/26/2013,250,-1.96,260,245,2202,550690,1083,1080
2/25/2013,255,2,255,246,2352,588900,1084,1081
2/24/2013,250,0,251,244,2131,528781,1085,1082
2/21/2013,250,0,255,244,3237,806090,1086,1083
2/20/2013,249,-3.85,255,250,5135,1287536,1087,1084
2/19/2013,260,-5.8,281,257,6905,1818761,1088,1085
2/17/2013,276,9.96,276,256,450,121050,1089,1086
2/14/2013,251,2.45,253,245,4871,1220880,1090,1087
2/13/2013,245,-2,255,242,1862,459360,1091,1088
2/12/2013,250,2.46,255,244,1951,482759,1092,1089
2/10/2013,244,1.67,244,238,4273,1022327,1093,1090
2/7/2013,240,0.84,240,237,2011,478839,1094,1091
2/6/2013,238,-1.65,242,236,2204,527551,1095,1092
2/5/2013,242,0,243,240,2382,576632,1096,1093
2/4/2013,242,0.41,242,236,2909,699241,1097,1094
2/3/2013,241,2.12,248,236,4519,1095421,1098,1095
1/31/2013,236,-2.48,246,233,2997,708013,1099,1096
1/30/2013,242,-0.41,243,240,5603,1349446,1100,1097
1/28/2013,243,-2.8,249,242,6464,1584602,1101,1098
1/27/2013,250,-0.79,253,241,3268,814458,1102,1099
1/24/2013,252,-3.08,260,252,4722,1213666,1103,1100
1/23/2013,260,-0.38,262,257,4532,1179857,1104,1101
1/22/2013,261,3.98,265,250,7109,1844536,1105,1102
1/21/2013,251,1.62,255,244,6088,1518158,1106,1103
1/20/2013,247,-2.76,251,242,2655,650337,1107,1104
1/17/2013,254,-5.93,271,250,5818,1487094,1108,1105
1/16/2013,270,2.27,287,252,19323,5252055,1109,1106
1/15/2013,264,10,264,240,14770,3792351,1110,1107
1/13/2013,240,-1.23,241,235,5314,1270879,1111,1108
1/10/2013,243,2.1,243,234,3936,926659,1112,1109
1/9/2013,238,-0.42,240,233,3658,859760,1113,1110
1/8/2013,239,-0.83,244,234,7156,1703991,1114,1111
1/7/2013,241,0,241,237,6744,1618316,1115,1112
1/6/2013,241,-2.03,245,238,6384,1537292,1116,1113
1/3/2013,246,1.65,250,235,10342,2525509,1117,1114
1/2/2013,242,1.68,242,233,5628,1338716,1118,1115
1/1/2013,238,-0.83,241,233,7961,1886847,1119,1116
12/31/2012,240,-4,249,233,14630,3535419,1120,1117
12/27/2012,250,5.04,255,231,4877,1180004,1121,1118
12/26/2012,238,4.39,240,228,6219,1457520,1122,1119
12/24/2012,228,7.04,230,213,3500,761899,1123,1120
12/23/2012,213,1.91,217,205,7171,1521313,1124,1121
12/20/2012,209,-3.24,218,209,5727,1225914,1125,1122
12/19/2012,216,0.47,218,211,8116,1754927,1126,1123
12/18/2012,215,-1.38,216,203,5273,1109014,1127,1124
12/17/2012,218,1.4,220,215,3328,722115,1128,1125
12/16/2012,215,3.37,224,207,5244,1122454,1129,1126
12/13/2012,208,2.46,208,204,3290,677622,1130,1127
12/12/2012,203,-0.98,205,201,4574,930981,1131,1128
12/11/2012,205,1.99,205,201,3414,692828,1132,1129
12/10/2012,201,-1.47,202,200,4919,990072,1133,1130
12/9/2012,204,-0.97,205,200,5198,1049273,1134,1131
12/6/2012,206,-0.96,208,206,1830,378272,1135,1132
12/5/2012,208,1.96,212,205,5953,1242677,1136,1133
12/4/2012,204,0.49,210,203,3519,724455,1137,1134
12/3/2012,203,1,206,200,4633,940840,1138,1135
12/2/2012,201,-2.9,207,200,4800,979797,1139,1136
11/29/2012,207,-0.48,208,206,2261,468543,1140,1137
11/28/2012,208,2.46,211,200,5510,1140060,1141,1138
11/27/2012,203,-2.4,209,203,3234,669924,1142,1139
11/26/2012,208,-1.42,209,203,6583,1360314,1143,1140
11/25/2012,211,2.93,216,206,7730,1616875,1144,1141
11/22/2012,205,0,206,200,12951,2639478,1145,1142
11/21/2012,205,0.49,208,200,7505,1525135,1146,1143
11/20/2012,204,0.99,210,199,3585,733012,1147,1144
11/18/2012,202,3.06,209,195,4897,994614,1148,1145
11/12/2012,196,1.03,196,192,3161,614689,1149,1146
11/11/2012,194,0,200,191,2797,546479,1150,1147
11/8/2012,194,-0.51,201,194,3508,694262,1151,1148
11/7/2012,195,3.72,199,184,4246,817138,1152,1149
11/6/2012,188,0,190,187,3708,702020,1153,1150
11/5/2012,188,1.08,191,180,2610,490577,1154,1151
11/4/2012,186,2.2,190,179,3923,724571,1155,1152
11/1/2012,182,0,182,180,2402,435712,1156,1153
10/31/2012,182,-0.55,189,180,2858,530873,1157,1154
10/30/2012,183,2.81,183,176,1294,231559,1158,1155
10/18/2012,178,0,179,176,1405,248955,1159,1156
10/17/2012,178,1.14,178,178,517,92026,1160,1157
10/15/2012,176,-0.56,177,175,2449,432540,1161,1158
10/14/2012,177,1.14,178,175,3698,652719,1162,1159
10/11/2012,175,-0.57,177,175,7164,1258070,1163,1160
10/10/2012,176,0.57,181,175,3367,596925,1164,1161
10/9/2012,175,0,176,175,5229,917062,1165,1162
10/8/2012,175,0,176,175,3157,552856,1166,1163
10/7/2012,175,0,178,175,3211,567262,1167,1164
10/4/2012,175,-0.57,177,175,2620,458704,1168,1165
10/3/2012,176,0.57,176,172,2684,468831,1169,1166
10/2/2012,175,0,176,175,2888,505550,1170,1167
10/1/2012,175,0,176,173,4962,869140,1171,1168
10/1/2012,175,0,176,173,4962,869140,1172,1169
9/30/2012,175,0.57,175,173,5747,1003775,1173,1170
9/26/2012,177,1.14,177,172,6587,1160788,1174,1171
9/25/2012,175,-1.13,176,172,4295,744936,1175,1172
9/24/2012,177,-1.67,180,177,160,28680,1176,1173
9/23/2012,180,0,182,177,7991,1441392,1177,1174
9/20/2012,180,-1.1,181,179,8013,1444364,1178,1175
9/19/2012,182,1.11,182,177,10568,1907189,1179,1176
9/18/2012,180,1.69,183,175,2338,418066,1180,1177
9/17/2012,177,1.14,177,173,3239,566717,1181,1178
9/16/2012,175,1.16,175,172,3274,568210,1182,1179
9/13/2012,173,1.17,173,171,2968,512518,1183,1180
9/12/2012,171,-0.58,172,171,3222,552452,1184,1181
9/11/2012,172,0,172,170,1662,284433,1185,1182
9/10/2012,172,0.58,172,166,5097,870547,1186,1183
9/9/2012,171,0.59,172,170,5013,856792,1187,1184
9/6/2012,170,0,171,170,7102,1207410,1188,1185
9/5/2012,170,0,172,170,2370,403420,1189,1186
9/4/2012,170,-0.58,170,168,5642,957458,1190,1187
9/3/2012,171,0,175,171,4178,719780,1191,1188
9/2/2012,171,0,172,170,2866,489510,1192,1189
8/30/2012,171,-2.84,173,170,1905,327625,1193,1190
8/29/2012,176,-0.56,176,173,6758,1185158,1194,1191
8/28/2012,177,1.14,180,173,7405,1315960,1195,1192
8/27/2012,175,1.16,177,174,3340,585390,1196,1193
8/26/2012,173,4.85,174,165,10162,1747933,1197,1194
8/23/2012,165,0,167,162,3162,518253,1198,1195
8/22/2012,165,-0.6,167,161,4219,694872,1199,1196
8/21/2012,166,-4.05,175,164,5218,872531,1200,1197
8/19/2012,173,1.76,175,170,5601,963445,1201,1198
8/16/2012,170,4.29,176,166,5649,963562,1202,1199
8/15/2012,163,-1.81,166,161,4533,745798,1203,1200
8/14/2012,166,-1.19,168,165,1990,331980,1204,1201
8/13/2012,168,-1.75,168,160,3464,565610,1205,1202
8/12/2012,171,-4.47,179,167,3111,526901,1206,1203
8/8/2012,179,1.7,179,170,6744,1193276,1207,1204
8/7/2012,176,-2.76,184,174,4255,766179,1208,1205
8/6/2012,181,0,183,180,5741,1041584,1209,1206
8/5/2012,181,0.56,184,178,4178,756789,1210,1207
8/1/2012,180,2.27,182,174,6479,1164471,1211,1208
7/31/2012,176,2.92,182,168,4757,830988,1212,1209
7/30/2012,171,3.01,172,163,7450,1264553,1213,1210
7/29/2012,166,-6.21,174,161,4932,816039,1214,1211
7/26/2012,177,-3.8,181,175,4910,865984,1215,1212
7/25/2012,184,-3.16,187,181,10548,1941772,1216,1213
7/24/2012,190,0,190,181,7364,1373111,1217,1214
7/23/2012,190,-1.04,198,189,13375,2595472,1218,1215
7/22/2012,192,-3.03,200,187,19689,3862081,1219,1216
7/19/2012,198,6.45,198,176,21519,3981231,1220,1217
7/18/2012,186,8.77,186,170,8985,1579465,1221,1218
7/17/2012,171,5.56,175,161,12061,2022192,1222,1219
7/16/2012,162,3.85,162,150,12898,2056829,1223,1220
7/15/2012,156,3.31,156,151,1722,264957,1224,1221
7/12/2012,151,-0.66,156,149,3977,603820,1225,1222
7/11/2012,152,1.33,152,148,3631,547862,1226,1223
7/10/2012,150,1.35,153,148,3747,562915,1227,1224
7/9/2012,148,2.78,150,144,3893,580402,1228,1225
7/8/2012,144,-0.69,148,143,2338,339189,1229,1226
7/5/2012,145,-0.68,145,142,3056,440599,1230,1227
7/4/2012,146,3.55,146,140,3868,552017,1231,1228
7/3/2012,141,0,141,140,880,123560,1232,1229
7/2/2012,141,-0.7,145,140,3256,461850,1233,1230
7/1/2012,142,1.43,142,140,3643,511666,1234,1231
6/28/2012,140,0,142,139,2876,405460,1235,1232
6/27/2012,140,2.94,140,132,2422,335010,1236,1233
6/26/2012,136,-2.86,138,134,2036,276849,1237,1234
6/25/2012,140,2.94,140,133,1760,240479,1238,1235
6/21/2012,136,1.49,137,135,1170,159205,1239,1236
6/20/2012,134,1.52,136,132,1361,181782,1240,1237
6/19/2012,132,-0.75,133,131,1549,205401,1241,1238
6/18/2012,133,-0.75,133,130,2589,339342,1242,1239
6/17/2012,134,-1.47,136,128,2426,319452,1243,1240
6/14/2012,136,-3.55,139,133,1912,261330,1244,1241
6/13/2012,141,0.71,146,138,8518,1212358,1245,1242
6/12/2012,140,0,142,139,4983,700086,1246,1243
6/11/2012,140,1.45,142,136,4583,639992,1247,1244
6/10/2012,138,5.34,140,133,8139,1121181,1248,1245
6/7/2012,131,3.97,134,122,2120,272620,1249,1246
6/6/2012,126,-5.26,131,125,1331,169046,1250,1247
6/5/2012,133,0,135,131,2968,396926,1251,1248
6/4/2012,133,-5,141,130,3705,505703,1252,1249
6/3/2012,140,9.38,140,125,1647,216171,1253,1250
5/31/2012,128,5.79,128,119,1231,151903,1254,1251
5/30/2012,121,-9.7,132,121,4480,557981,1255,1252
5/29/2012,134,-9.46,146,134,3959,531126,1256,1253
5/27/2012,148,3.5,153,140,6836,998739,1257,1254
5/24/2012,143,7.52,143,133,7754,1084486,1258,1255
5/23/2012,133,-6.99,141,133,905,123926,1259,1256
5/22/2012,143,2.88,143,133,8963,1252988,1260,1257
5/21/2012,139,0,145,138,3222,451680,1261,1258
5/20/2012,139,-1.42,142,134,6548,909268,1262,1259
5/17/2012,141,1.44,147,141,6469,933133,1263,1260
5/16/2012,139,1.46,139,139,150,20850,1264,1261
5/15/2012,137,9.6,137,127,696,92212,1265,1262
5/14/2012,125,-5.3,130,121,5092,635763,1266,1263
5/13/2012,132,-5.04,137,130,3133,415883,1267,1264
5/10/2012,139,-2.11,142,129,11243,1556324,1268,1265
5/9/2012,142,0,148,133,7062,996321,1269,1266
5/8/2012,142,5.97,142,136,2332,321736,1270,1267
5/7/2012,134,1.52,134,134,183,24522,1271,1268
5/3/2012,132,3.13,132,130,241,31510,1272,1269
5/2/2012,128,-8.57,140,128,980,129220,1273,1270
4/30/2012,140,-6.67,153,135,5694,813164,1274,1271
4/29/2012,150,1.35,159,141,8923,1328959,1275,1272
4/26/2012,148,9.63,148,137,8831,1274199,1276,1273
4/25/2012,135,4.65,135,135,70,9450,1277,1274
4/24/2012,129,4.88,129,125,100,12700,1278,1275
4/22/2012,123,0.82,124,122,1560,192010,1279,1276
4/19/2012,122,-1.61,128,120,4668,576322,1280,1277
4/18/2012,124,-4.62,128,120,3301,408208,1281,1278
4/17/2012,130,-3.7,133,130,1789,235440,1282,1279
4/16/2012,135,9.76,135,125,833,109229,1283,1280
4/15/2012,123,7.89,124,116,2514,301404,1284,1281
4/12/2012,114,6.54,114,108,683,75303,1285,1282
4/11/2012,107,0.94,110,107,2180,233710,1286,1283
4/10/2012,106,0,106,104,1313,138808,1287,1284
4/9/2012,106,0,107,105,921,97896,1288,1285
4/8/2012,106,0,106,105,1051,111356,1289,1286
4/5/2012,106,0.95,106,105,680,71490,1290,1287
4/4/2012,105,-0.94,106,105,3550,376180,1291,1288
4/3/2012,106,0.95,106,106,680,72080,1292,1289
4/2/2012,105,-0.94,106,104,1275,133865,1293,1290
4/1/2012,106,0.95,106,105,1762,185480,1294,1291
3/29/2012,105,-0.94,108,105,1395,148120,1295,1292
3/28/2012,106,2.91,106,104,1615,169040,1296,1293
3/27/2012,103,-3.74,105,102,270,27830,1297,1294
3/26/2012,107,0.94,107,103,2082,221133,1298,1295
3/25/2012,106,1.92,106,102,920,95370,1299,1296
3/21/2012,104,2.97,106,101,1257,129261,1300,1297
3/20/2012,101,-0.98,103,101,4107,416910,1301,1298
3/19/2012,102,-0.97,105,102,311,32483,1302,1299
3/18/2012,103,0,103,101,1003,102758,1303,1300
3/15/2012,103,0,103,101,842,85504,1304,1301
3/14/2012,103,-0.96,105,103,793,82513,1305,1302
3/13/2012,104,-1.89,106,104,1321,137985,1306,1303
3/12/2012,106,0,107,102,1022,106572,1307,1304
3/11/2012,106,0.95,106,105,754,79584,1308,1305
3/6/2012,105,-1.87,107,105,2124,225526,1309,1306
3/5/2012,107,-1.83,109,107,460,49660,1310,1307
3/4/2012,109,0.93,109,104,1451,155189,1311,1308
3/1/2012,108,0,109,107,2300,249002,1312,1309
2/29/2012,108,-0.92,109,108,1030,111630,1313,1310
2/28/2012,109,0.93,110,107,2204,238530,1314,1311
2/27/2012,108,0.93,109,107,1285,139322,1315,1312
2/26/2012,107,-1.83,109,105,2747,293109,1316,1313
2/23/2012,109,0,109,107,1230,132700,1317,1314
2/21/2012,109,0.93,109,108,631,68289,1318,1315
2/16/2012,108,-2.7,109,107,550,59100,1319,1316
2/15/2012,111,1.83,111,110,276,30410,1320,1317
2/14/2012,109,0.93,110,107,1961,211790,1321,1318
2/13/2012,108,-0.92,111,107,1992,216906,1322,1319
2/12/2012,109,0,109,108,1309,142115,1323,1320
2/9/2012,109,-0.91,110,109,920,100990,1324,1321
2/8/2012,110,0,110,109,386,42300,1325,1322
2/7/2012,110,-0.9,110,107,2091,227290,1326,1323
2/6/2012,111,0.91,111,110,992,109391,1327,1324
2/5/2012,110,-0.9,111,109,1611,176945,1328,1325
2/2/2012,111,0,113,111,3946,442100,1329,1326
2/1/2012,111,0.91,113,110,1833,203887,1330,1327
1/31/2012,110,-1.79,114,110,2291,254352,1331,1328
1/29/2012,112,0,114,111,4200,473960,1332,1329
1/26/2012,112,-1.75,114,110,1060,118750,1333,1330
1/25/2012,114,1.79,114,111,1170,130710,1334,1331
1/23/2012,112,-4.27,115,111,1650,187270,1335,1332
1/22/2012,117,0,118,115,4484,522708,1336,1333
1/19/2012,117,-0.85,117,115,411,47745,1337,1334
1/18/2012,118,4.42,118,114,2190,253740,1338,1335
1/17/2012,113,1.8,114,110,866,96445,1339,1336
1/16/2012,111,-0.89,112,111,1049,116985,1340,1337
1/12/2012,112,0,112,110,3102,344864,1341,1338
1/11/2012,112,0,112,111,2477,277012,1342,1339
1/10/2012,112,-0.88,114,112,549,62007,1343,1340
1/9/2012,111,-2.63,113,111,1710,190718,1344,1341
1/8/2012,114,0.88,115,113,3240,369120,1345,1342
1/5/2012,113,-0.88,114,112,775,87595,1346,1343
1/4/2012,114,-0.87,115,113,3220,369040,1347,1344
1/3/2012,115,-2.54,116,114,490,56130,1348,1345
1/2/2012,118,3.51,118,115,551,64227,1349,1346
1/1/2012,114,-0.87,115,113,1111,125973,1350,1347
12/29/2011,115,1.77,116,112,1699,193297,1351,1348
12/28/2011,113,-0.88,113,113,250,28250,1352,1349
12/27/2011,114,0.88,114,113,1405,159578,1353,1350
12/26/2011,113,-2.59,114,112,1702,191866,1354,1351
12/22/2011,116,0,116,114,210,24120,1355,1352
12/21/2011,116,2.65,116,113,1397,159698,1356,1353
12/20/2011,113,0,115,113,1011,114544,1357,1354
12/19/2011,113,-0.88,116,113,1228,141948,1358,1355
12/18/2011,114,0,115,112,651,73614,1359,1356
12/15/2011,114,0,115,113,2866,327977,1360,1357
12/14/2011,114,0,116,113,1225,139440,1361,1358
12/13/2011,114,-0.87,115,113,2102,238809,1362,1359
12/12/2011,115,0,115,114,1087,123949,1363,1360
12/11/2011,115,-1.71,115,113,1249,142286,1364,1361
12/8/2011,117,2.63,117,114,3872,445802,1365,1362
12/7/2011,114,-4.2,117,114,5809,668048,1366,1363
12/6/2011,119,-1.65,119,119,30,3570,1367,1364
12/5/2011,121,-3.2,123,121,20,2440,1368,1365
11/29/2011,156,-2.5,163,155,2778,445990,1369,1366
11/29/2011,156,-2.5,163,155,2778,445990,1370,1367
11/29/2011,156,-2.5,163,155,2778,445990,1371,1368
11/28/2011,118,-0.84,118,117,61,7168,1372,1369
11/27/2011,119,1.71,119,116,2513,295234,1373,1370
11/24/2011,117,0,119,114,1499,175671,1374,1371
11/23/2011,117,0,118,117,410,48010,1375,1372
11/22/2011,117,-0.85,118,117,1141,133767,1376,1373
11/21/2011,118,0,118,117,1461,172188,1377,1374
11/20/2011,118,0,118,115,2545,297845,1378,1375
11/17/2011,118,-1.67,120,118,734,86866,1379,1376
11/16/2011,120,0.84,120,118,1400,166860,1380,1377
11/15/2011,119,-2.46,121,118,1157,138490,1381,1378
11/14/2011,122,1.67,122,114,2691,314662,1382,1379
11/13/2011,120,0.84,120,118,1164,139094,1383,1380
11/10/2011,119,0.85,119,118,3122,368686,1384,1381
11/9/2011,118,-0.84,120,118,1182,139809,1385,1382
11/8/2011,119,-0.83,120,117,2100,247629,1386,1383
11/6/2011,120,-9.77,131,120,3883,468994,1387,1384
11/3/2011,133,3.1,135,131,5625,739865,1388,1385
11/2/2011,129,8.4,129,121,110,13870,1389,1386
10/31/2011,119,-0.83,119,116,1262,148740,1390,1387
10/30/2011,120,0.84,121,120,9320,1127600,1391,1388
10/25/2011,119,2.59,119,114,1244,146192,1392,1389
10/24/2011,116,0.87,118,115,1190,138420,1393,1390
10/23/2011,115,-0.86,117,115,1908,221180,1394,1391
10/20/2011,116,-0.85,118,114,956,111213,1395,1392
10/19/2011,117,0.86,117,117,820,95940,1396,1393
10/18/2011,116,-0.85,117,115,991,115077,1397,1394
10/17/2011,117,0,117,115,1261,147132,1398,1395
10/16/2011,117,-0.85,119,116,1400,164296,1399,1396
10/13/2011,118,0,119,116,3345,391615,1400,1397
10/12/2011,118,-1.67,118,115,974,113308,1401,1398
10/10/2011,120,2.56,120,116,781,92063,1402,1399
10/2/2011,117,-0.85,117,115,320,37210,1403,1400
9/29/2011,118,0,119,117,1062,125124,1404,1401
9/27/2011,118,-1.67,119,118,1650,195440,1405,1402
9/26/2011,120,0,120,115,1155,136110,1406,1403
9/25/2011,120,1.69,120,116,2124,249661,1407,1404
9/22/2011,118,0.85,120,116,1230,145130,1408,1405
9/21/2011,117,-0.85,117,117,683,79911,1409,1406
9/20/2011,118,0.85,120,118,571,68039,1410,1407
9/19/2011,117,0.86,118,116,403,47168,1411,1408
9/18/2011,116,-3.33,120,115,992,116181,1412,1409
9/15/2011,120,2.56,120,118,845,101020,1413,1410
9/14/2011,117,-0.85,119,116,1880,221098,1414,1411
9/13/2011,118,-0.84,118,114,1498,174718,1415,1412
9/12/2011,119,-1.65,121,119,1934,231304,1416,1413
9/8/2011,121,0.83,121,119,1120,134020,1417,1414
9/7/2011,120,-0.83,122,119,3400,411001,1418,1415
9/6/2011,121,0.83,121,118,3800,457550,1419,1416
9/5/2011,120,-4,123,118,2152,259129,1420,1417
9/4/2011,125,0,125,120,1402,171368,1421,1418
9/1/2011,125,2.46,126,123,1452,180419,1422,1419
8/30/2011,122,-1.61,124,122,490,60280,1423,1420
8/29/2011,124,-1.59,126,123,435,54250,1424,1421
8/28/2011,126,0,127,126,281,35507,1425,1422
8/25/2011,126,0,126,122,1662,205859,1426,1423
8/24/2011,126,-0.79,127,125,1351,169857,1427,1424
8/23/2011,127,0,127,124,6027,757268,1428,1425
8/22/2011,127,-0.78,127,127,1000,127000,1429,1426
8/18/2011,128,-1.54,128,127,772,98506,1430,1427
8/17/2011,130,3.17,130,126,2452,313314,1431,1428
8/16/2011,126,-0.79,127,125,827,104729,1432,1429
8/15/2011,127,3.25,129,121,2387,300965,1433,1430
8/11/2011,123,-1.6,125,121,1547,190621,1434,1431
8/10/2011,125,1.63,125,123,1838,228763,1435,1432
8/9/2011,123,-1.6,126,123,3006,371852,1436,1433
8/8/2011,125,0,127,124,2076,259460,1437,1434
8/7/2011,125,-0.79,126,123,685,85519,1438,1435
8/4/2011,126,2.44,126,124,110,13740,1439,1436
8/3/2011,123,-1.6,126,123,1425,177475,1440,1437
8/2/2011,125,-0.79,126,125,2112,264385,1441,1438
8/1/2011,126,0.8,126,123,1030,128640,1442,1439
7/31/2011,125,-2.34,129,122,2491,312693,1443,1440
7/28/2011,128,-3.03,132,128,1146,149697,1444,1441
7/27/2011,132,3.94,132,125,1932,249358,1445,1442
7/26/2011,127,-1.55,127,125,400,50240,1446,1443
7/25/2011,129,-0.77,129,126,1130,145160,1447,1444
7/24/2011,130,-1.52,132,127,3830,491580,1448,1445
7/21/2011,132,0,132,129,1540,201150,1449,1446
7/20/2011,132,0,134,132,2761,364712,1450,1447
7/19/2011,132,0,134,128,1450,192560,1451,1448
7/18/2011,132,1.54,132,132,60,7920,1452,1449
7/14/2011,130,-0.76,133,130,911,118613,1453,1450
7/13/2011,131,3.15,133,129,1322,173152,1454,1451
7/12/2011,127,0,127,124,4396,549060,1455,1452
7/11/2011,127,1.6,127,122,2172,267740,1456,1453
7/10/2011,125,0,127,125,1940,244210,1457,1454
7/7/2011,125,0,128,124,953,119940,1458,1455
7/6/2011,125,-0.79,127,124,1475,184107,1459,1456
7/5/2011,126,0,126,120,1253,153713,1460,1457
7/4/2011,126,-10,138,126,2659,348714,1461,1458
6/29/2011,140,-4.76,140,140,220,30800,1462,1459
6/26/2011,147,0,151,147,670,100360,1463,1460
6/23/2011,147,8.09,147,138,661,94663,1464,1461
6/21/2011,136,1.49,139,136,632,86886,1465,1462
6/20/2011,130,4.84,130,126,523,66758,1466,1463
6/19/2011,130,4.84,130,126,523,66758,1467,1464
6/16/2011,124,2.48,124,121,541,66591,1468,1465
6/15/2011,121,3.42,121,115,1069,125961,1469,1466
6/14/2011,117,0,117,115,640,74480,1470,1467
6/13/2011,117,-2.5,121,117,1601,189667,1471,1468
6/12/2011,120,0,122,118,1031,123239,1472,1469
6/9/2011,120,1.69,120,114,1656,190891,1473,1470
6/8/2011,118,0,118,116,270,31540,1474,1471
6/7/2011,118,-3.28,122,118,2242,268962,1475,1472
6/6/2011,122,-3.17,127,122,816,101444,1476,1473
6/5/2011,126,-2.33,129,126,930,118940,1477,1474
6/2/2011,129,0.78,130,128,3753,483975,1478,1475
6/1/2011,128,-3.03,131,128,1013,130927,1479,1476
5/31/2011,132,1.54,132,126,1623,209534,1480,1477
5/30/2011,130,0.78,132,128,1283,167103,1481,1478
5/26/2011,129,0.78,129,128,590,76010,1482,1479
5/25/2011,128,-3.03,130,128,690,89350,1483,1480
5/24/2011,132,1.54,132,128,2801,362950,1484,1481
5/23/2011,130,-0.76,133,128,4281,560579,1485,1482
5/22/2011,131,0,131,128,1918,248828,1486,1483
5/19/2011,131,-1.5,135,127,2307,304895,1487,1484
5/18/2011,133,-3.62,136,128,1703,223392,1488,1485
5/16/2011,138,5.34,138,130,3382,445266,1489,1486
5/15/2011,131,0.77,132,130,3412,448352,1490,1487
5/12/2011,130,0.78,131,127,741,95643,1491,1488
5/11/2011,129,3.2,129,126,400,50780,1492,1489
5/10/2011,125,0.81,126,124,1013,126395,1493,1490
5/9/2011,124,0,124,122,840,102720,1494,1491
5/8/2011,124,-0.8,131,121,4485,563061,1495,1492
5/5/2011,125,-0.79,126,124,931,116584,1496,1493
5/4/2011,126,-0.79,127,124,2484,312736,1497,1494
5/3/2011,127,3.25,127,123,1120,140240,1498,1495
5/2/2011,123,-0.81,123,119,2030,245810,1499,1496
4/28/2011,124,2.48,125,122,2299,283012,1500,1497
4/27/2011,121,-0.82,125,119,3367,406887,1501,1498
4/26/2011,122,0,122,122,70,8540,1502,1499
4/25/2011,122,-1.61,124,122,3265,403300,1503,1500
4/21/2011,124,-1.59,128,123,2040,255070,1504,1501
4/20/2011,126,0,128,125,3022,381832,1505,1502
4/19/2011,126,3.28,128,120,866,107182,1506,1503
4/18/2011,122,-2.4,126,121,2651,329486,1507,1504
4/17/2011,125,-1.57,127,125,1650,207460,1508,1505
4/13/2011,127,-0.78,127,127,60,7620,1509,1506
4/11/2011,128,0,129,126,3030,388690,1510,1507
4/10/2011,128,0,128,126,1531,194797,1511,1508
4/7/2011,128,-2.29,130,126,825,105890,1512,1509
4/6/2011,131,2.34,131,125,5221,672814,1513,1510
4/5/2011,128,-2.29,130,126,1828,236055,1514,1511
4/4/2011,131,-0.76,132,126,2927,378740,1515,1512
3/31/2011,132,2.33,134,127,1475,191490,1516,1513
3/30/2011,129,1.57,129,125,1261,161332,1517,1514
3/29/2011,127,-2.31,129,127,1390,178760,1518,1515
3/28/2011,130,-2.99,134,130,1288,169336,1519,1516
3/27/2011,134,-0.74,135,134,2110,284040,1520,1517
3/25/2011,135,1.5,135,132,2560,342820,1521,1518
3/24/2011,133,-1.48,136,129,3116,415035,1522,1519
3/20/2011,133,0.76,134,131,1507,198979,1523,1520
