8/3/2011,170,2.41,171,165,166,"1,060","178,200.00","1,120.00"
8/4/2011,164,-3.53,170,164,170,830,"140,260.00","1,119.00"
8/7/2011,161,-1.83,161,158,164,550,"87,440.00","1,118.00"
8/8/2011,161,0,161,161,161,20,"3,220.00","1,117.00"
8/9/2011,161,0,164,161,161,"1,490","244,090.00","1,116.00"
8/10/2011,164,1.86,164,163,161,110,"18,010.00","1,115.00"
8/11/2011,155,-5.49,161,154,164,"1,980","310,540.00","1,114.00"
8/15/2011,155,0,158,155,155,60,"9,450.00","1,113.00"
8/17/2011,154,-0.65,156,153,155,480,"74,330.00","1,112.00"
8/18/2011,155,0.65,155,151,154,140,"21,380.00","1,111.00"
8/22/2011,157,1.29,157,151,155,380,"58,650.00","1,110.00"
8/23/2011,151,-3.82,157,151,157,"1,410","218,510.00","1,109.00"
8/24/2011,148,-1.99,151,148,151,300,"44,720.00","1,108.00"
8/28/2011,150,1.35,150,146,148,480,"71,170.00","1,107.00"
8/29/2011,149,-0.67,153,148,150,"1,120","166,490.00","1,106.00"
9/1/2011,153,2.68,153,150,149,670,"101,240.00","1,105.00"
9/4/2011,149,-2.61,153,149,153,"1,190","180,350.00","1,104.00"
9/5/2011,148,-0.67,152,147,149,"1,510","225,560.00","1,103.00"
9/6/2011,143,-3.38,150,142,148,"1,090","156,810.00","1,102.00"
9/7/2011,140,-2.1,141,139,143,340,"47,600.00","1,101.00"
9/8/2011,144,2.86,144,138,140,"1,330","186,210.00","1,100.00"
9/12/2011,141,-2.08,144,141,144,590,"84,430.00","1,099.00"
9/13/2011,141,0,142,139,141,640,"89,830.00","1,098.00"
9/14/2011,147,4.26,147,137,141,"1,020","144,100.00","1,097.00"
9/15/2011,141,-4.08,145,141,147,160,"22,840.00","1,096.00"
9/18/2011,143,1.42,143,139,141,240,"33,850.00","1,095.00"
9/19/2011,147,2.8,147,141,143,750,"107,350.00","1,094.00"
9/20/2011,147,0,149,147,147,320,"47,470.00","1,093.00"
9/21/2011,146,-0.68,146,143,147,400,"58,120.00","1,092.00"
9/22/2011,151,3.42,151,146,146,690,"102,140.00","1,091.00"
9/25/2011,150,-0.66,150,148,151,300,"44,700.00","1,090.00"
9/26/2011,153,2,153,147,150,520,"78,280.00","1,089.00"
9/27/2011,153,0,155,153,153,150,"23,010.00","1,088.00"
9/29/2011,160,4.58,168,156,153,"4,080","665,840.00","1,087.00"
10/2/2011,160,0,160,160,160,"1,060","169,600.00","1,086.00"
10/9/2011,164,2.5,164,160,160,40,"6,510.00","1,085.00"
10/10/2011,164,0,164,164,164,30,"4,920.00","1,084.00"
10/12/2011,167,1.83,168,162,164,290,"47,870.00","1,083.00"
10/13/2011,162,-2.99,168,162,167,910,"151,200.00","1,082.00"
10/16/2011,164,1.23,165,160,162,"1,290","207,710.00","1,081.00"
10/17/2011,167,1.83,167,167,164,10,"1,670.00","1,080.00"
10/18/2011,164,-1.8,164,161,167,350,"56,850.00","1,079.00"
10/19/2011,164,0,164,161,164,160,"26,120.00","1,078.00"
10/20/2011,155,-5.49,166,155,164,"2,270","356,960.00","1,077.00"
10/23/2011,159,2.58,160,155,155,"5,790","909,440.00","1,076.00"
10/24/2011,158,-0.63,160,157,159,810,"128,600.00","1,075.00"
10/25/2011,164,3.8,164,158,158,540,"86,900.00","1,074.00"
10/30/2011,161,-1.83,164,161,164,340,"55,640.00","1,073.00"
10/31/2011,166,3.11,176,161,161,"4,890","815,380.00","1,072.00"
11/2/2011,172,3.61,172,169,166,20,"3,410.00","1,071.00"
11/3/2011,172,0,178,172,172,840,"148,080.00","1,070.00"
11/6/2011,172,0,175,169,172,750,"128,770.00","1,069.00"
11/8/2011,169,-1.74,171,167,172,800,"135,650.00","1,068.00"
11/9/2011,168,-0.59,170,168,169,690,"116,360.00","1,067.00"
11/10/2011,165,-1.79,168,165,168,270,"44,900.00","1,066.00"
11/13/2011,164,-0.61,167,162,165,160,"26,220.00","1,065.00"
11/14/2011,165,0.61,169,164,164,850,"140,720.00","1,064.00"
11/15/2011,162,-1.82,165,162,165,"2,070","335,700.00","1,063.00"
11/16/2011,170,4.94,170,159,162,"2,190","362,010.00","1,062.00"
11/17/2011,171,0.59,171,168,170,520,"88,490.00","1,061.00"
11/20/2011,166,-2.92,171,166,171,700,"117,870.00","1,060.00"
11/21/2011,163,-1.81,166,163,166,480,"78,740.00","1,059.00"
11/22/2011,162,-0.61,163,160,163,"2,470","398,420.00","1,058.00"
11/23/2011,163,0.62,163,160,162,140,"22,550.00","1,057.00"
11/24/2011,166,1.84,168,162,163,"1,250","205,310.00","1,056.00"
11/27/2011,163,-1.81,163,162,166,760,"123,560.00","1,055.00"
11/28/2011,165,1.23,165,163,163,80,"13,100.00","1,054.00"
11/29/2011,165,0,167,165,165,30,"4,990.00","1,053.00"
11/30/2011,169,2.42,169,167,165,760,"127,270.00","1,052.00"
12/1/2011,165,-2.37,166,163,169,410,"67,230.00","1,051.00"
12/4/2011,163,-1.21,163,160,165,320,"51,870.00","1,050.00"
12/5/2011,166,1.84,166,160,163,270,"43,940.00","1,049.00"
12/6/2011,165,-0.6,165,165,166,110,"18,150.00","1,048.00"
12/7/2011,167,1.21,167,167,165,30,"5,010.00","1,047.00"
12/8/2011,165,-1.2,168,165,167,470,"78,280.00","1,046.00"
12/11/2011,163,-1.21,167,163,165,690,"114,110.00","1,045.00"
12/12/2011,165,1.23,165,161,163,340,"55,440.00","1,044.00"
12/13/2011,164,-0.61,166,162,165,770,"126,540.00","1,043.00"
12/14/2011,164,0,164,161,164,150,"24,420.00","1,042.00"
12/15/2011,169,3.05,169,165,164,450,"75,730.00","1,041.00"
12/19/2011,169,0,170,169,169,490,"83,260.00","1,040.00"
12/20/2011,173,2.37,173,165,169,420,"70,700.00","1,039.00"
12/21/2011,170,-1.73,173,167,173,"2,690","456,910.00","1,038.00"
12/22/2011,169,-0.59,169,166,170,850,"143,020.00","1,037.00"
12/26/2011,168,-0.59,168,168,169,140,"23,520.00","1,036.00"
12/27/2011,162,-3.57,165,161,168,590,"95,720.00","1,035.00"
12/28/2011,161,-0.62,164,161,162,440,"71,510.00","1,034.00"
12/29/2011,164,1.86,165,164,161,340,"55,790.00","1,033.00"
1/1/2012,164,0,164,164,164,70,"11,480.00","1,032.00"
1/2/2012,170,3.66,170,165,164,510,"85,360.00","1,031.00"
1/3/2012,167,-1.76,171,167,170,110,"18,560.00","1,030.00"
1/4/2012,162,-2.99,164,162,167,160,"26,000.00","1,029.00"
1/5/2012,162,0,165,162,162,200,"32,710.00","1,028.00"
1/8/2012,165,1.85,165,164,162,600,"98,990.00","1,027.00"
1/9/2012,169,2.42,169,168,165,20,"3,370.00","1,026.00"
1/10/2012,167,-1.18,168,159,169,"1,080","176,910.00","1,025.00"
1/11/2012,165,-1.2,168,165,167,690,"114,880.00","1,024.00"
1/12/2012,166,0.61,170,166,165,700,"117,300.00","1,023.00"
1/16/2012,166,0,169,166,166,90,"15,000.00","1,022.00"
1/17/2012,166,0,169,163,166,"1,120","188,710.00","1,021.00"
1/18/2012,166,0,168,165,166,470,"77,720.00","1,020.00"
1/22/2012,166,0,169,164,166,"1,640","273,230.00","1,019.00"
1/23/2012,166,0,167,164,166,440,"72,990.00","1,018.00"
1/25/2012,168,1.2,169,165,166,200,"33,580.00","1,017.00"
1/26/2012,169,0.6,169,166,168,820,"136,730.00","1,016.00"
1/29/2012,162,-4.14,167,161,169,"1,040","169,700.00","1,015.00"
1/31/2012,167,3.09,167,162,162,750,"123,910.00","1,014.00"
2/1/2012,168,0.6,168,164,167,310,"51,570.00","1,013.00"
2/2/2012,165,-1.79,166,164,168,360,"59,590.00","1,012.00"
2/5/2012,165,0,168,165,165,130,"21,480.00","1,011.00"
2/6/2012,165,0,165,165,165,70,"11,550.00","1,010.00"
2/7/2012,164,-0.61,166,163,165,"1,460","240,330.00","1,009.00"
2/8/2012,167,1.83,168,164,164,"1,040","172,390.00","1,008.00"
2/9/2012,166,-0.6,170,165,167,"1,270","213,000.00","1,007.00"
2/12/2012,164,-1.2,170,163,166,700,"117,160.00","1,006.00"
2/13/2012,166,1.22,168,164,164,"2,170","359,200.00","1,005.00"
2/14/2012,167,0.6,167,163,166,770,"127,660.00","1,004.00"
2/15/2012,177,5.99,177,165,167,"1,970","332,500.00","1,003.00"
2/16/2012,165,-6.78,177,165,177,270,"45,990.00","1,002.00"
2/23/2012,162,-1.82,162,162,165,60,"9,720.00","1,001.00"
2/26/2012,143,-11.73,145,138,162,"1,730","241,720.00","1,000.00"
2/27/2012,145,1.4,146,145,143,260,"37,730.00",999
3/1/2012,145,0,145,145,145,20,"2,900.00",998
3/4/2012,141,-2.76,143,141,145,30,"4,270.00",997
3/6/2012,138,-2.13,141,138,141,180,"24,950.00",996
3/11/2012,138,0,140,138,138,60,"8,340.00",995
3/12/2012,139,0.72,139,137,138,30,"4,150.00",994
3/13/2012,137,-1.44,137,137,139,80,"10,960.00",993
3/14/2012,140,2.19,140,139,137,"1,100","153,900.00",992
3/18/2012,142,1.43,142,138,140,360,"50,640.00",991
3/19/2012,142,0,142,140,142,30,"4,240.00",990
3/20/2012,139,-2.11,140,139,142,90,"12,570.00",989
3/21/2012,139,0,139,139,139,20,"2,780.00",988
3/25/2012,137,-1.44,137,137,139,90,"12,330.00",987
3/26/2012,138,0.73,140,136,137,980,"136,770.00",986
3/27/2012,140,1.45,140,140,138,10,"1,400.00",985
3/28/2012,141,0.71,141,139,140,880,"124,060.00",984
3/29/2012,143,1.42,143,143,141,210,"30,030.00",983
4/1/2012,144,0.7,144,141,143,500,"71,520.00",982
4/2/2012,145,0.69,145,145,144,510,"73,950.00",981
4/5/2012,145,0,145,145,145,120,"17,400.00",980
4/9/2012,147,1.38,147,147,145,90,"13,230.00",979
4/10/2012,149,1.36,149,147,147,200,"29,600.00",978
4/11/2012,152,2.01,157,151,149,990,"149,960.00",977
4/12/2012,158,3.95,158,152,152,280,"42,940.00",976
4/16/2012,161,1.9,161,161,158,20,"3,220.00",975
4/17/2012,157,-2.48,161,157,161,620,"97,900.00",974
4/18/2012,157,0,157,154,157,140,"21,770.00",973
4/19/2012,172,9.55,172,160,157,"1,320","222,110.00",972
4/22/2012,184,6.98,184,175,172,340,"61,020.00",971
4/24/2012,184,0,184,184,184,"5,900","1,085,600.00",970
4/25/2012,187,1.63,187,187,184,40,"7,480.00",969
4/26/2012,201,7.49,202,195,187,"1,080","214,220.00",968
4/29/2012,218,8.46,218,201,201,"2,270","473,980.00",967
4/30/2012,221,1.38,221,220,218,100,"22,090.00",966
5/3/2012,225,1.81,225,225,221,180,"40,500.00",965
5/7/2012,229,1.78,229,229,225,20,"4,580.00",964
5/8/2012,225,-1.75,225,225,229,126,"28,350.00",963
5/9/2012,203,-9.78,221,203,225,"1,960","405,984.00",962
5/10/2012,197,-2.96,202,196,203,"1,552","308,960.00",961
5/15/2012,212,7.61,212,194,197,"1,014","207,000.00",960
5/17/2012,202,-4.72,224,199,212,"2,158","451,428.00",959
5/20/2012,196,-2.97,198,189,202,468,"90,448.00",958
5/21/2012,201,2.55,205,189,196,"2,220","446,226.00",957
5/22/2012,204,1.49,204,194,201,572,"115,216.00",956
5/24/2012,200,-1.96,201,196,204,"2,680","533,974.00",955
5/27/2012,197,-1.5,197,197,200,30,"5,910.00",954
5/29/2012,178,-9.64,194,178,197,356,"63,878.00",953
5/30/2012,161,-9.55,175,161,178,"4,468","726,518.00",952
5/31/2012,170,5.59,170,158,161,"3,092","520,644.00",951
6/3/2012,176,3.53,176,173,170,82,"14,402.00",950
6/4/2012,176,0,182,176,176,"3,130","560,116.00",949
6/5/2012,177,0.57,177,170,176,498,"86,460.00",948
6/6/2012,174,-1.69,178,172,177,790,"137,454.00",947
6/7/2012,183,5.17,185,173,174,"5,042","914,952.00",946
6/10/2012,180,-1.64,181,180,183,858,"154,572.00",945
6/11/2012,180,0,183,177,180,156,"27,924.00",944
6/12/2012,174,-3.33,177,174,180,132,"23,256.00",943
6/13/2012,174,0,176,170,174,758,"131,286.00",942
6/14/2012,173,-0.57,177,173,174,852,"148,362.00",941
6/17/2012,175,1.16,175,171,173,720,"124,512.00",940
6/18/2012,172,-1.71,172,167,175,778,"132,892.00",939
6/19/2012,175,1.74,175,170,172,456,"78,696.00",938
6/20/2012,172,-1.71,178,172,175,694,"121,178.00",937
6/21/2012,173,0.58,175,170,172,332,"57,556.00",936
6/25/2012,173,0,173,173,173,68,"11,764.00",935
6/26/2012,174,0.58,174,171,173,318,"54,648.00",934
6/28/2012,174,0,174,168,174,504,"85,032.00",933
7/1/2012,175,0.57,177,171,174,600,"104,008.00",932
7/2/2012,180,2.86,180,175,175,702,"125,120.00",931
7/3/2012,180,0,182,180,180,272,"49,234.00",930
7/4/2012,186,3.33,189,177,180,914,"165,426.00",929
7/5/2012,187,0.54,189,186,186,688,"129,144.00",928
7/8/2012,185,-1.07,189,185,187,506,"94,050.00",927
7/9/2012,189,2.16,189,184,185,186,"34,482.00",926
7/10/2012,186,-1.59,192,180,189,"1,600","300,216.00",925
7/11/2012,190,2.15,191,180,186,"1,526","287,218.00",924
7/12/2012,187,-1.58,192,187,190,340,"64,932.00",923
7/15/2012,190,1.6,190,189,187,252,"47,820.00",922
7/16/2012,196,3.16,196,192,190,996,"193,308.00",921
7/17/2012,195,-0.51,200,194,196,"1,736","345,280.00",920
7/18/2012,204,4.62,204,198,195,"1,614","322,982.00",919
7/19/2012,218,6.86,218,204,204,"4,314","927,984.00",918
7/22/2012,232,6.42,237,221,218,"4,344","999,348.00",917
7/23/2012,230,-0.86,232,229,232,"5,914","1,368,032.00",916
7/24/2012,232,0.87,232,222,230,"1,216","273,348.00",915
7/25/2012,233,0.43,236,226,232,"4,860","1,123,826.00",914
7/26/2012,229,-1.72,230,226,233,"3,016","688,910.00",913
7/29/2012,222,-3.06,225,217,229,"2,106","468,060.00",912
7/30/2012,232,4.5,232,225,222,"2,394","549,092.00",911
7/31/2012,231,-0.43,232,230,232,"1,570","363,546.00",910
8/1/2012,235,1.73,236,224,231,"2,184","511,488.00",909
8/5/2012,258,9.79,258,231,235,"5,868","1,471,572.00",908
8/6/2012,252,-2.33,273,245,258,"4,090","1,059,988.00",907
8/7/2012,265,5.16,270,256,252,"8,574","2,265,866.00",906
8/8/2012,252,-4.91,260,250,265,"1,974","501,984.00",905
8/12/2012,249,-1.19,257,249,252,806,"203,162.00",904
8/13/2012,241,-3.21,250,241,249,"2,910","711,716.00",903
8/14/2012,258,7.05,263,245,241,916,"236,254.00",902
8/15/2012,240,-6.98,253,240,258,304,"74,870.00",901
8/16/2012,247,2.92,247,235,240,"3,178","765,074.00",900
8/19/2012,245,-0.81,248,244,247,992,"243,156.00",899
8/21/2012,246,0.41,246,241,245,868,"211,484.00",898
8/22/2012,251,2.03,251,239,246,"1,222","300,776.00",897
8/23/2012,251,0,253,247,251,"1,772","444,952.00",896
8/26/2012,245,-2.39,250,243,251,"4,492","1,099,232.00",895
8/27/2012,249,1.63,250,245,245,"4,296","1,060,362.00",894
8/28/2012,252,1.2,257,251,249,"1,624","412,158.00",893
8/29/2012,260,3.17,260,245,252,656,"166,976.00",892
8/30/2012,261,0.38,261,253,260,"1,372","353,940.00",891
9/2/2012,261,0,261,254,261,"1,016","262,308.00",890
9/3/2012,256,-1.92,268,253,261,"6,326","1,625,542.00",889
9/4/2012,264,3.12,264,255,256,"5,672","1,481,532.00",888
9/5/2012,262,-0.76,266,259,264,"6,176","1,618,274.00",887
9/6/2012,281,7.25,281,262,262,"18,718","5,015,510.00",886
9/9/2012,275,-2.14,291,268,281,"9,860","2,691,800.00",885
9/10/2012,266,-3.27,280,260,275,"3,466","914,682.00",884
9/11/2012,271,1.88,271,265,266,"3,396","903,060.00",883
9/12/2012,285,5.17,285,263,271,"4,704","1,249,800.00",882
9/13/2012,274,-3.86,290,272,285,"2,726","763,812.00",881
9/16/2012,279,1.82,295,275,274,"1,424","397,684.00",880
9/17/2012,276,-1.08,278,272,279,"7,934","2,180,752.00",879
9/18/2012,280,1.45,281,278,276,"4,338","1,212,778.00",878
9/19/2012,284,1.43,285,275,280,"4,252","1,184,260.00",877
9/20/2012,279,-1.76,279,276,284,"1,626","450,152.00",876
9/23/2012,286,2.51,286,274,279,272,"75,436.00",875
9/24/2012,278,-2.8,281,271,286,"4,982","1,365,508.00",874
9/25/2012,280,0.72,282,274,278,"3,478","966,732.00",873
9/26/2012,300,7.14,300,280,280,"16,342","4,659,114.00",872
9/27/2012,304,1.33,306,294,300,"68,392","20,671,886.00",871
9/30/2012,281,-7.57,298,281,304,"2,158","621,290.00",870
10/1/2012,286,1.78,290,278,281,"4,450","1,269,306.00",869
10/2/2012,293,2.45,295,280,286,"5,192","1,492,328.00",868
10/3/2012,292,-0.34,292,287,293,"2,978","862,036.00",867
10/4/2012,310,6.16,310,290,292,"10,298","3,015,150.00",866
10/7/2012,311,0.32,316,304,310,"12,144","3,769,652.00",865
10/8/2012,306,-1.61,315,300,311,"3,456","1,050,950.00",864
10/9/2012,296,-3.27,300,294,306,924,"274,644.00",863
10/10/2012,305,3.04,316,292,296,"3,624","1,069,894.00",862
10/11/2012,304,-0.33,304,285,305,"1,266","374,284.00",861
10/14/2012,324,6.58,324,295,304,"7,660","2,322,570.00",860
10/15/2012,312,-3.7,336,306,324,998,"313,448.00",859
10/17/2012,304,-2.56,310,299,312,278,"84,056.00",858
10/18/2012,315,3.62,315,302,304,"1,076","329,608.00",857
10/30/2012,310,-1.59,310,310,315,420,"130,200.00",856
10/31/2012,310,0,316,310,310,722,"225,690.00",855
11/1/2012,300,-3.23,305,299,310,996,"299,166.00",854
11/4/2012,304,1.33,310,300,300,"2,428","734,912.00",853
11/5/2012,306,0.66,309,304,304,"1,888","581,016.00",852
11/6/2012,308,0.65,315,303,306,"4,124","1,267,516.00",851
11/7/2012,308,0,310,302,308,"4,234","1,297,904.00",850
11/8/2012,300,-2.6,308,300,308,"2,826","857,174.00",849
11/11/2012,299,-0.33,300,294,300,"3,220","949,584.00",848
11/12/2012,305,2.01,305,294,299,490,"146,030.00",847
11/18/2012,301,-1.31,305,299,305,356,"108,172.00",846
11/20/2012,300,-0.33,301,295,301,"1,346","399,320.00",845
11/21/2012,302,0.67,310,294,300,"1,234","373,252.00",844
11/22/2012,300,-0.66,305,295,302,"3,868","1,159,230.00",843
11/25/2012,296,-1.33,306,296,300,"1,468","440,208.00",842
11/26/2012,305,3.04,306,291,296,"56,970","16,980,084.00",841
11/27/2012,300,-1.64,304,300,305,874,"264,688.00",840
11/28/2012,297,-1,300,297,300,756,"225,888.00",839
11/29/2012,298,0.34,300,296,297,"1,176","352,456.00",838
12/2/2012,300,0.67,300,294,298,360,"107,220.00",837
12/3/2012,302,0.67,302,298,300,"1,730","519,600.00",836
12/4/2012,300,-0.66,300,293,302,"1,848","549,004.00",835
12/5/2012,306,2,307,300,300,"1,156","350,076.00",834
12/6/2012,298,-2.61,302,297,306,"1,848","553,372.00",833
12/9/2012,300,0.67,300,291,298,"1,820","540,036.00",832
12/10/2012,299,-0.33,299,293,300,"3,194","949,148.00",831
12/11/2012,293,-2.01,301,293,299,"13,210","3,903,142.00",830
12/13/2012,300,2.39,302,280,293,"14,672","4,155,972.00",829
12/16/2012,307,2.33,310,296,300,"1,480","448,764.00",828
12/17/2012,312,1.63,312,300,307,"7,700","2,334,428.00",827
12/18/2012,304,-2.56,312,304,312,"1,378","420,532.00",826
12/19/2012,301,-0.99,305,300,304,520,"156,464.00",825
12/20/2012,302,0.33,306,300,301,"1,142","343,596.00",824
12/23/2012,301,-0.33,304,300,302,"1,028","311,516.00",823
12/24/2012,306,1.66,306,295,301,"3,516","1,073,520.00",822
12/26/2012,300,-1.96,310,295,306,728,"220,228.00",821
12/27/2012,304,1.33,306,299,300,"1,756","527,780.00",820
12/31/2012,304,0,306,300,304,240,"72,636.00",819
1/1/2013,303,-0.33,304,300,304,"2,446","739,438.00",818
1/2/2013,304,0.33,306,295,303,"2,104","639,436.00",817
1/3/2013,300,-1.32,306,299,304,"3,146","945,936.00",816
1/6/2013,300,0,305,300,300,336,"101,412.00",815
1/7/2013,297,-1,300,295,300,898,"266,522.00",814
1/8/2013,306,3.03,306,294,297,768,"227,988.00",813
1/9/2013,309,0.98,310,298,306,"3,996","1,211,384.00",812
1/10/2013,314,1.62,316,300,309,"8,028","2,424,652.00",811
1/13/2013,311,-0.96,311,302,314,"1,596","488,640.00",810
1/15/2013,303,-2.57,307,300,311,"1,360","411,000.00",809
1/16/2013,301,-0.66,308,300,303,"4,802","1,458,112.00",808
1/17/2013,300,-0.33,310,294,301,"2,630","786,764.00",807
1/20/2013,298,-0.67,301,294,300,570,"168,320.00",806
1/21/2013,299,0.34,299,299,298,108,"32,292.00",805
1/22/2013,298,-0.33,298,295,299,688,"203,452.00",804
1/23/2013,298,0,303,297,298,"1,262","377,500.00",803
1/24/2013,296,-0.67,298,295,298,"1,076","318,790.00",802
1/27/2013,297,0.34,300,296,296,"2,170","646,594.00",801
1/28/2013,294,-1.01,295,291,297,"2,358","691,498.00",800
1/30/2013,290,-1.36,292,288,294,"2,112","612,824.00",799
1/31/2013,290,0,291,287,290,852,"245,904.00",798
2/3/2013,294,1.38,296,285,290,290,"84,500.00",797
2/4/2013,295,0.34,295,294,294,108,"31,812.00",796
2/5/2013,299,1.36,299,291,295,528,"156,132.00",795
2/6/2013,295,-1.34,296,290,299,704,"207,840.00",794
2/7/2013,290,-1.69,290,287,295,780,"226,128.00",793
2/10/2013,288,-0.69,292,288,290,"1,044","302,864.00",792
2/12/2013,290,0.69,293,290,288,172,"50,180.00",791
2/13/2013,290,0,291,290,290,514,"149,430.00",790
2/14/2013,290,0,290,290,290,434,"125,860.00",789
2/17/2013,312,7.59,312,295,290,820,"252,300.00",788
2/19/2013,300,-3.85,312,300,312,656,"198,816.00",787
2/20/2013,295,-1.67,295,295,300,100,"29,500.00",786
2/21/2013,296,0.34,300,294,295,628,"186,544.00",785
2/24/2013,288,-2.7,295,288,296,"2,592","751,258.00",784
2/25/2013,292,1.39,292,287,288,746,"217,328.00",783
2/26/2013,290,-0.68,290,290,292,168,"48,720.00",782
2/27/2013,288,-0.69,292,288,290,"1,052","304,900.00",781
2/28/2013,293,1.74,293,289,288,818,"237,700.00",780
3/3/2013,292,-0.34,292,288,293,776,"225,140.00",779
3/4/2013,296,1.37,296,290,292,500,"146,440.00",778
3/5/2013,300,1.35,300,289,296,"3,632","1,059,274.00",777
3/6/2013,293,-2.33,295,293,300,120,"35,268.00",776
3/7/2013,291,-0.68,295,289,293,204,"59,616.00",775
3/11/2013,291,0,291,291,291,48,"13,968.00",774
3/13/2013,298,2.41,300,293,291,"2,806","831,100.00",773
3/14/2013,291,-2.35,303,291,298,"1,736","511,336.00",772
3/17/2013,290,-0.34,295,280,291,"1,052","305,920.00",771
3/18/2013,290,0,290,286,290,384,"111,036.00",770
3/19/2013,293,1.03,295,292,290,384,"112,960.00",769
3/20/2013,295,0.68,295,292,293,240,"70,464.00",768
3/21/2013,294,-0.34,294,290,295,204,"59,304.00",767
3/24/2013,278,-5.44,290,278,294,274,"77,806.00",766
3/25/2013,280,0.72,288,278,278,652,"184,300.00",765
3/27/2013,280,0,280,276,280,224,"61,872.00",764
3/28/2013,285,1.79,285,275,280,430,"119,856.00",763
3/31/2013,284,-0.35,286,284,285,520,"148,376.00",762
4/1/2013,288,1.41,288,282,284,"1,556","442,400.00",761
4/2/2013,278,-3.47,288,278,288,"1,024","287,388.00",760
4/3/2013,293,5.4,293,276,278,"1,678","478,764.00",759
4/4/2013,285,-2.73,295,284,293,"1,128","321,724.00",758
4/7/2013,299,4.91,299,289,285,892,"260,220.00",757
4/8/2013,295,-1.34,300,291,299,488,"143,480.00",756
4/9/2013,296,0.34,296,290,295,456,"134,224.00",755
4/11/2013,304,2.7,311,297,296,"2,804","847,874.00",754
4/15/2013,293,-3.62,304,293,304,804,"238,188.00",753
4/16/2013,291,-0.68,298,289,293,"1,618","475,830.00",752
4/17/2013,300,3.09,300,294,291,412,"121,540.00",751
4/18/2013,292,-2.67,300,290,300,"5,112","1,500,648.00",750
4/21/2013,284,-2.74,295,283,292,"2,756","797,988.00",749
4/22/2013,288,1.41,288,283,284,728,"207,712.00",748
4/23/2013,316,9.72,316,285,288,"4,390","1,270,988.00",747
5/8/2013,274,-13.29,280,274,316,46,"12,808.00",746
5/9/2013,258,-5.84,269,255,274,"1,262","322,984.00",745
5/12/2013,254,-1.55,259,254,258,"1,060","269,540.00",744
5/13/2013,254,0,254,254,254,"2,000","508,000.00",743
5/14/2013,250,-1.57,258,249,254,"3,282","827,996.00",742
5/15/2013,250,0,252,250,250,774,"194,304.00",741
5/16/2013,255,2,255,250,250,"2,655","663,850.00",740
5/19/2013,251,-1.57,259,250,255,"2,814","708,616.00",739
5/20/2013,248,-1.2,250,248,251,"2,208","550,000.00",738
5/21/2013,245,-1.21,252,245,248,"2,300","567,100.00",737
5/22/2013,242,-1.22,246,241,245,"8,806","2,139,692.00",736
5/23/2013,245,1.24,245,242,242,674,"165,074.00",735
5/26/2013,252,2.86,252,248,245,282,"70,776.00",734
5/27/2013,260,3.17,260,251,252,"1,760","451,390.00",733
5/28/2013,264,1.54,264,258,260,"6,700","1,740,832.00",732
5/30/2013,260,-1.52,271,260,264,"1,142","298,772.00",731
6/2/2013,256,-1.54,257,254,260,"1,650","420,486.00",730
6/3/2013,260,1.56,260,255,256,656,"169,180.00",729
6/4/2013,260,0,266,260,260,"1,078","282,384.00",728
6/5/2013,258,-0.77,260,257,260,904,"232,912.00",727
6/6/2013,252,-2.33,259,252,258,"1,624","417,096.00",726
6/9/2013,253,0.4,254,250,252,481,"121,749.00",725
6/10/2013,250,-1.19,251,248,253,804,"201,148.00",724
6/11/2013,245,-2,246,243,250,"1,054","257,514.00",723
6/12/2013,254,3.67,254,248,245,390,"97,576.00",722
6/13/2013,253,-0.39,259,253,254,938,"239,742.00",721
6/16/2013,250,-1.19,250,250,253,72,"18,000.00",720
6/17/2013,250,0,254,250,250,"1,580","396,420.00",719
6/18/2013,252,0.8,253,249,250,568,"142,176.00",718
6/19/2013,250,-0.79,253,250,252,152,"38,060.00",717
6/20/2013,250,0,253,248,250,162,"40,494.00",716
6/23/2013,247,-1.2,252,247,250,"1,697","421,947.00",715
6/24/2013,250,1.21,250,247,247,"1,759","439,277.00",714
6/25/2013,252,0.8,254,250,250,853,"214,914.00",713
6/27/2013,246,-2.38,250,245,252,"3,575","884,168.00",712
6/30/2013,245,-0.41,246,245,246,"1,234","303,208.00",711
7/1/2013,246,0.41,247,246,245,"1,231","303,978.00",710
7/2/2013,247,0.41,250,245,246,"1,261","311,874.00",709
7/3/2013,246,-0.4,251,246,247,"2,700","667,868.00",708
7/4/2013,245,-0.41,249,245,246,795,"196,020.00",707
7/7/2013,248,1.22,249,243,245,"1,489","366,724.00",706
7/8/2013,250,0.81,252,250,248,"1,206","302,740.00",705
7/9/2013,254,1.6,255,250,250,575,"145,552.00",704
7/10/2013,250,-1.57,251,247,254,"1,881","467,971.00",703
7/11/2013,250,0,250,250,250,100,"25,000.00",702
7/14/2013,261,4.4,261,255,250,973,"251,240.00",701
7/15/2013,270,3.45,270,260,261,931,"246,381.00",700
7/16/2013,265,-1.85,270,265,270,76,"20,340.00",699
7/17/2013,255,-3.77,260,252,265,781,"199,099.00",698
7/18/2013,260,1.96,265,251,255,"1,310","339,429.00",697
7/21/2013,265,1.92,265,265,260,484,"128,260.00",696
7/22/2013,260,-1.89,265,257,265,"2,890","753,903.00",695
7/23/2013,264,1.54,264,255,260,640,"165,793.00",694
7/24/2013,272,3.03,272,256,264,"3,738","972,909.00",693
7/25/2013,275,1.1,277,263,272,"3,188","859,842.00",692
7/28/2013,295,7.27,295,270,275,"8,122","2,313,292.00",691
7/29/2013,295,0,300,287,295,"18,047","5,280,728.00",690
7/30/2013,300,1.69,301,290,295,"11,890","3,511,097.00",689
7/31/2013,300,0,301,294,300,"5,688","1,689,813.00",688
8/1/2013,293,-2.33,295,290,300,"2,106","617,793.00",687
8/4/2013,290,-1.02,293,288,293,"2,269","659,506.00",686
8/5/2013,275,-5.17,285,271,290,"1,733","480,983.00",685
8/6/2013,288,4.73,288,268,275,940,"260,146.00",684
8/7/2013,295,2.43,295,290,288,"10,423","3,039,165.00",683
8/8/2013,301,2.03,304,290,295,"59,674","17,641,690.00",682
8/11/2013,311,3.32,313,300,301,"19,374","5,961,642.00",681
8/12/2013,325,4.5,325,309,311,"22,822","7,157,033.00",680
8/13/2013,344,5.85,357,328,325,"17,958","6,101,342.00",679
8/14/2013,350,1.74,360,347,344,"10,665","3,763,300.00",678
8/15/2013,345,-1.43,351,333,350,"8,373","2,852,758.00",677
8/18/2013,367,6.38,369,341,345,"11,179","4,041,196.00",676
8/19/2013,365,-0.54,365,343,367,"7,685","2,725,349.00",675
8/20/2013,361,-1.1,379,361,365,"12,997","4,756,430.00",674
8/25/2013,367,1.66,374,359,361,"7,958","2,904,979.00",673
8/26/2013,378,3,378,370,367,"22,274","8,251,044.00",672
8/27/2013,382,1.06,392,378,378,"13,429","5,160,920.00",671
8/29/2013,378,-1.05,393,375,382,"11,447","4,388,620.00",670
9/1/2013,369,-2.38,381,369,378,"9,462","3,553,613.00",669
9/2/2013,380,2.98,383,369,369,"9,131","3,423,387.00",668
9/3/2013,381,0.26,386,380,380,"13,331","5,069,418.00",667
9/4/2013,374,-1.84,378,373,381,569,"213,389.00",666
9/5/2013,375,0.27,380,373,374,"8,673","3,247,318.00",665
9/8/2013,372,-0.8,376,372,375,"6,420","2,406,665.00",664
9/9/2013,380,2.15,386,370,372,"5,410","2,052,042.00",663
9/10/2013,408,7.37,408,370,380,"4,699","1,775,222.00",662
9/11/2013,390,-4.41,400,383,408,"5,949","2,318,473.00",661
9/12/2013,408,4.62,408,384,390,"10,796","4,207,963.00",660
9/15/2013,397,-2.7,400,392,408,"15,166","6,015,189.00",659
9/16/2013,400,0.76,400,383,397,"4,390","1,725,640.00",658
9/17/2013,425,6.25,429,392,400,"10,836","4,381,443.00",657
9/19/2013,402,-5.41,417,390,425,"3,042","1,216,446.00",656
9/22/2013,402,0,405,395,402,"4,942","1,967,058.00",655
9/23/2013,398,-1,398,383,402,"9,326","3,603,513.00",654
9/24/2013,386,-3.02,400,385,398,"3,348","1,311,447.00",653
9/25/2013,384,-0.52,390,380,386,"6,291","2,405,753.00",652
9/26/2013,380,-1.04,382,374,384,"1,916","725,255.00",651
9/29/2013,377,-0.79,379,374,380,970,"366,013.00",650
9/30/2013,374,-0.8,378,373,377,"3,121","1,171,427.00",649
10/1/2013,370,-1.07,377,369,374,"8,781","3,258,663.00",648
10/2/2013,373,0.81,377,368,370,"2,195","820,085.00",647
10/3/2013,388,4.02,388,371,373,"1,882","718,438.00",646
10/6/2013,372,-4.12,394,372,388,"1,308","505,505.00",645
10/7/2013,387,4.03,387,365,372,"1,287","489,788.00",644
10/8/2013,386,-0.26,391,385,387,"1,677","646,800.00",643
10/9/2013,391,1.3,395,390,386,"1,791","701,231.00",642
10/10/2013,390,-0.26,390,384,391,"2,348","907,384.00",641
10/17/2013,392,0.51,392,390,390,"2,492","973,864.00",640
10/20/2013,393,0.26,393,385,392,"6,958","2,715,682.00",639
10/21/2013,400,1.78,400,388,393,"1,493","587,166.00",638
10/22/2013,392,-2,392,392,400,27,"10,584.00",637
10/23/2013,383,-2.3,388,383,392,727,"278,506.00",636
10/24/2013,381,-0.52,384,376,383,"1,426","543,869.00",635
10/27/2013,379,-0.52,380,375,381,"1,949","739,479.00",634
10/28/2013,375,-1.06,375,370,379,575,"213,977.00",633
10/29/2013,373,-0.53,375,370,375,399,"148,359.00",632
10/30/2013,372,-0.27,372,370,373,951,"353,224.00",631
10/31/2013,374,0.54,374,372,372,283,"105,788.00",630
11/6/2013,364,-2.67,367,364,374,303,"111,063.00",629
11/7/2013,371,1.92,371,370,364,139,"51,493.00",628
11/10/2013,370,-0.27,371,370,371,39,"14,443.00",627
11/11/2013,377,1.89,377,370,370,508,"188,887.00",626
11/12/2013,388,2.92,388,380,377,"2,328","890,757.00",625
11/13/2013,388,0,397,386,388,"2,754","1,084,048.00",624
11/14/2013,400,3.09,402,390,388,"5,953","2,383,923.00",623
11/24/2013,440,10,440,408,400,"7,995","3,498,929.00",622
11/25/2013,484,10,484,445,440,"3,664","1,725,968.00",621
11/26/2013,532,9.92,532,493,484,"6,027","3,148,057.00",620
11/27/2013,546,2.63,585,522,532,"20,151","11,186,265.00",619
11/28/2013,552,1.1,561,540,546,"9,622","5,238,365.00",618
12/1/2013,580,5.07,603,542,552,"9,693","5,602,674.00",617
12/2/2013,600,3.45,602,580,580,"12,006","7,067,627.00",616
12/3/2013,633,5.5,633,598,600,"21,108","12,908,226.00",615
12/4/2013,660,4.27,675,645,633,"2,341","1,557,893.00",614
12/5/2013,657,-0.45,705,635,660,"15,338","10,122,683.00",613
12/8/2013,630,-4.11,650,630,657,619,"393,327.00",612
12/10/2013,568,-9.84,618,567,630,"3,902","2,219,530.00",611
12/11/2013,545,-4.05,561,536,568,"10,336","5,623,158.00",610
12/12/2013,550,0.92,566,535,545,"11,376","6,152,420.00",609
12/15/2013,544,-1.09,553,532,550,"10,330","5,583,685.00",608
12/16/2013,598,9.93,598,554,544,441,"249,066.00",607
12/18/2013,625,4.52,632,609,598,"4,540","2,822,798.00",606
12/19/2013,625,0,630,603,625,"3,761","2,313,192.00",605
12/22/2013,590,-5.6,625,580,625,"3,828","2,275,842.00",604
12/23/2013,571,-3.22,580,560,590,"1,520","861,926.00",603
12/24/2013,552,-3.33,560,550,571,"5,976","3,297,445.00",602
12/26/2013,574,3.99,574,550,552,"1,080","603,459.00",601
12/29/2013,572,-0.35,572,531,574,"4,316","2,343,403.00",600
12/31/2013,535,-6.47,575,535,572,"1,774","956,515.00",599
1/1/2014,531,-0.75,545,510,535,"3,570","1,855,254.00",598
1/2/2014,561,5.65,561,535,531,"1,500","811,700.00",597
1/5/2014,550,-1.96,590,550,561,422,"239,053.00",596
1/6/2014,530,-3.64,540,520,550,663,"353,237.00",595
1/7/2014,523,-1.32,540,520,530,879,"465,080.00",594
1/8/2014,526,0.57,526,500,523,"9,540","4,929,943.00",593
1/9/2014,512,-2.66,521,507,526,"3,277","1,683,815.00",592
1/12/2014,517,0.98,540,512,512,"3,899","2,024,435.00",591
1/13/2014,550,6.38,555,527,517,"1,349","723,244.00",590
1/14/2014,560,1.82,565,535,550,"6,286","3,468,084.00",589
1/16/2014,560,0,581,557,560,"2,568","1,440,631.00",588
1/19/2014,557,-0.54,571,550,560,"5,813","3,219,816.00",587
1/20/2014,540,-3.05,558,540,557,"5,998","3,298,644.00",586
1/21/2014,550,1.85,552,520,540,"6,117","3,316,820.00",585
1/22/2014,540,-1.82,545,526,550,"2,251","1,198,971.00",584
1/23/2014,530,-1.85,539,520,540,"13,699","7,199,190.00",583
1/26/2014,526,-0.75,535,525,530,"1,411","746,591.00",582
1/27/2014,530,0.76,536,520,526,856,"451,462.00",581
1/28/2014,540,1.89,547,532,530,"2,820","1,516,417.00",580
1/29/2014,539,-0.19,555,533,540,"4,600","2,503,554.00",579
2/2/2014,525,-2.6,540,520,539,919,"491,682.00",578
2/3/2014,520,-0.95,530,515,525,709,"368,244.00",577
2/4/2014,521,0.19,530,520,520,"1,398","738,571.00",576
2/5/2014,525,0.77,531,515,521,598,"314,323.00",575
2/6/2014,555,5.71,555,522,525,448,"240,465.00",574
2/9/2014,530,-4.5,549,530,555,"1,965","1,056,720.00",573
2/10/2014,532,0.38,555,530,530,"3,883","2,075,671.00",572
2/11/2014,554,4.14,565,530,532,"5,729","3,092,981.00",571
2/12/2014,570,2.89,570,535,554,"17,518","9,737,994.00",570
2/13/2014,624,9.47,624,559,570,"15,543","9,341,841.00",569
2/16/2014,655,4.97,655,621,624,"22,079","14,295,166.00",568
2/17/2014,693,5.8,693,642,655,"20,115","13,428,816.00",567
2/18/2014,740,6.78,750,696,693,"29,342","21,419,032.00",566
2/20/2014,724,-2.16,762,697,740,"10,908","8,054,879.00",565
2/23/2014,690,-4.7,711,690,724,"10,291","7,226,862.00",564
2/24/2014,660,-4.35,710,660,690,"5,298","3,621,560.00",563
2/25/2014,680,3.03,680,630,660,"2,358","1,521,094.00",562
2/26/2014,674,-0.88,693,663,680,"1,294","871,033.00",561
3/3/2014,645,-4.3,665,641,674,"5,018","3,258,096.00",560
3/4/2014,657,1.86,657,615,645,"6,148","3,848,030.00",559
3/5/2014,664,1.07,687,660,657,"5,788","3,886,966.00",558
3/6/2014,653,-1.66,665,651,664,"3,199","2,105,918.00",557
3/9/2014,636,-2.6,650,628,653,"3,837","2,441,024.00",556
3/10/2014,638,0.31,650,626,636,"5,237","3,330,630.00",555
3/11/2014,640,0.31,649,633,638,"5,990","3,841,496.00",554
3/12/2014,630,-1.56,642,620,640,"5,834","3,652,182.00",553
3/13/2014,630,0,645,621,630,"5,040","3,199,609.00",552
3/17/2014,635,0.79,636,624,630,"2,893","1,817,019.00",551
3/18/2014,614,-3.31,644,613,635,"2,652","1,669,920.00",550
3/19/2014,637,3.75,637,602,614,"3,766","2,349,282.00",549
3/20/2014,647,1.57,650,630,637,"2,156","1,389,379.00",548
3/23/2014,620,-4.17,650,620,647,"1,884","1,189,100.00",547
3/24/2014,640,3.23,644,621,620,"1,783","1,133,153.00",546
3/25/2014,647,1.09,655,633,640,"13,587","8,800,643.00",545
3/26/2014,640,-1.08,641,635,647,821,"525,403.00",544
3/27/2014,660,3.12,660,640,640,"1,838","1,199,046.00",543
3/31/2014,695,5.3,695,660,660,"5,582","3,771,299.00",542
4/1/2014,693,-0.29,710,690,695,"3,734","2,604,288.00",541
4/2/2014,687,-0.87,699,680,693,"13,901","9,537,759.00",540
4/3/2014,675,-1.75,700,675,687,"1,735","1,197,419.00",539
4/6/2014,675,0,680,660,675,"2,588","1,739,799.00",538
4/7/2014,680,0.74,690,665,675,"3,496","2,388,110.00",537
4/9/2014,682,0.29,700,671,680,"7,484","5,169,178.00",536
4/10/2014,733,7.48,738,685,682,"25,973","18,907,656.00",535
4/13/2014,747,1.91,769,733,733,"15,822","11,978,540.00",534
4/15/2014,759,1.61,765,750,747,"5,458","4,145,462.00",533
4/16/2014,766,0.92,770,755,759,"12,772","9,695,886.00",532
4/17/2014,746,-2.61,757,745,766,"4,863","3,639,870.00",531
4/20/2014,733,-1.74,745,730,746,"5,553","4,086,829.00",530
4/21/2014,733,0,735,721,733,"4,206","3,076,236.00",529
4/22/2014,759,3.55,759,725,733,"1,942","1,436,455.00",528
4/23/2014,760,0.13,768,750,759,"5,192","3,942,077.00",527
4/27/2014,765,0.66,770,757,760,"3,818","2,909,855.00",526
4/28/2014,773,1.05,780,755,765,"12,049","9,216,957.00",525
4/29/2014,808,4.53,816,772,773,"18,090","14,576,119.00",524
4/30/2014,846,4.7,865,810,808,"19,100","16,066,923.00",523
5/4/2014,930,9.93,930,862,846,"36,773","33,218,730.00",522
5/5/2014,895,-3.76,"1,000.00",844,930,"33,303","31,275,835.00",521
5/6/2014,878,-1.9,878,812,895,"4,768","4,071,527.00",520
5/7/2014,870,-0.91,890,848,878,"5,885","5,124,681.00",519
5/8/2014,851,-2.18,860,834,870,"7,412","6,272,643.00",518
5/11/2014,842,-1.06,845,836,851,"6,101","5,128,998.00",517
5/12/2014,852,1.19,863,842,842,"5,739","4,879,623.00",516
5/13/2014,870,2.11,886,860,852,"5,640","4,892,998.00",515
5/15/2014,875,0.57,877,849,870,"2,900","2,498,932.00",514
5/18/2014,855,-2.29,870,836,875,"3,148","2,682,040.00",513
5/19/2014,830,-2.92,840,826,855,"4,959","4,128,068.00",512
5/20/2014,820,-1.2,820,806,830,"7,291","5,909,904.00",511
5/21/2014,822,0.24,828,803,820,"2,470","2,006,238.00",510
5/22/2014,815,-0.85,838,815,822,"2,701","2,220,778.00",509
5/25/2014,829,1.72,851,815,815,"2,854","2,378,535.00",508
5/26/2014,840,1.33,840,830,829,867,"723,230.00",507
5/27/2014,863,2.74,871,835,840,"10,012","8,588,060.00",506
5/28/2014,880,1.97,880,860,863,"6,277","5,483,711.00",505
6/1/2014,865,-1.7,885,865,880,"8,454","7,388,398.00",504
6/2/2014,844,-2.43,856,835,865,"7,808","6,584,129.00",503
6/3/2014,865,2.49,867,830,844,"4,847","4,070,039.00",502
6/4/2014,840,-2.89,855,835,865,"4,153","3,525,080.00",501
6/5/2014,842,0.24,850,825,840,"3,907","3,295,773.00",500
6/8/2014,830,-1.43,845,820,842,"2,060","1,715,982.00",499
6/9/2014,845,1.81,855,825,830,"4,161","3,458,438.00",498
6/10/2014,841,-0.47,850,832,845,"5,807","4,866,403.00",497
6/11/2014,840,-0.12,855,830,841,"7,149","6,014,698.00",496
6/12/2014,840,0,843,830,840,"1,181","982,804.00",495
6/15/2014,850,1.19,860,840,840,"4,109","3,494,723.00",494
6/16/2014,860,1.18,879,845,850,"4,760","4,099,585.00",493
6/17/2014,915,6.4,915,855,860,"14,121","12,432,450.00",492
6/18/2014,934,2.08,954,897,915,"19,682","18,227,093.00",491
6/19/2014,920,-1.5,950,912,934,"6,320","5,832,523.00",490
6/23/2014,912,-0.87,932,910,920,"4,054","3,728,165.00",489
6/24/2014,940,3.07,940,900,912,"12,849","11,931,440.00",488
6/25/2014,940,0,950,930,940,"6,130","5,752,575.00",487
6/26/2014,932,-0.85,945,926,940,"4,856","4,537,579.00",486
6/29/2014,960,3,962,930,932,"10,463","10,002,892.00",485
6/30/2014,974,1.46,977,951,960,"9,069","8,711,618.00",484
7/1/2014,1040,6.78,"1,040.00",965,974,"15,254","15,410,390.00",483
7/2/2014,1092,5,"1,102.00","1,058.00","1,040.00","30,570","33,230,130.00",482
7/3/2014,1060,-2.93,"1,106.00","1,030.00","1,092.00","10,739","11,355,530.00",481
7/6/2014,1097,3.49,"1,102.00","1,060.00","1,060.00","15,816","16,913,345.00",480
7/7/2014,1100,0.27,"1,160.00","1,095.00","1,097.00","13,802","15,646,367.00",479
7/8/2014,1100,0,"1,150.00","1,098.00","1,100.00","18,829","20,964,171.00",478
7/9/2014,1111,1,"1,130.00","1,060.00","1,100.00","10,107","11,108,919.00",477
7/10/2014,1095,-1.44,"1,130.00","1,085.00","1,111.00","8,273","9,101,302.00",476
7/13/2014,1080,-1.37,"1,155.00","1,060.00","1,095.00","5,760","6,298,480.00",475
7/14/2014,1090,0.93,"1,100.00","1,070.00","1,080.00","6,332","6,888,181.00",474
7/15/2014,1099,0.83,"1,100.00","1,055.00","1,090.00","2,528","2,739,081.00",473
7/16/2014,1102,0.27,"1,120.00","1,091.00","1,099.00","3,143","3,480,553.00",472
7/17/2014,1112,0.91,"1,115.00","1,100.00","1,102.00","4,536","5,035,652.00",471
7/20/2014,1134,1.98,"1,156.00","1,105.00","1,112.00","4,847","5,456,231.00",470
7/21/2014,1135,0.09,"1,150.00","1,125.00","1,134.00","7,984","9,063,636.00",469
7/22/2014,1141,0.53,"1,141.00","1,110.00","1,135.00","8,842","9,918,579.00",468
7/23/2014,1152,0.96,"1,152.00","1,116.00","1,141.00","8,392","9,512,318.00",467
7/24/2014,1140,-1.04,"1,198.00","1,125.00","1,152.00","22,535","25,917,850.00",466
7/27/2014,1120,-1.75,"1,150.00","1,108.00","1,140.00","4,820","5,450,000.00",465
7/28/2014,1120,0,"1,120.00","1,100.00","1,120.00","2,226","2,463,292.00",464
7/30/2014,1066,-4.82,"1,119.00","1,055.00","1,120.00","2,500","2,713,940.00",463
7/31/2014,1075,0.84,"1,091.00","1,060.00","1,066.00","2,743","2,946,339.00",462
8/3/2014,1075,0,"1,089.00","1,070.00","1,075.00","4,647","5,008,365.00",461
8/4/2014,1065,-0.93,"1,066.00","1,065.00","1,075.00","1,393","1,484,911.00",460
8/5/2014,1060,-0.47,"1,070.00","1,050.00","1,065.00","3,266","3,468,571.00",459
8/6/2014,1040,-1.89,"1,060.00","1,040.00","1,060.00","3,316","3,492,617.00",458
8/7/2014,1034,-0.58,"1,050.00","1,010.00","1,040.00","4,391","4,499,981.00",457
8/12/2014,1020,-1.35,"1,035.00","1,005.00","1,034.00","1,086","1,107,110.00",456
8/13/2014,1040,1.96,"1,040.00",972,"1,020.00","3,408","3,463,878.00",455
8/14/2014,1026,-1.35,"1,055.00","1,025.00","1,040.00","1,048","1,094,680.00",454
8/18/2014,1035,0.88,"1,035.00","1,020.00","1,026.00","1,032","1,063,335.00",453
8/19/2014,1040,0.48,"1,071.00","1,010.00","1,035.00","4,272","4,450,121.00",452
8/20/2014,1020,-1.92,"1,030.00",990,"1,040.00","2,855","2,905,273.00",451
8/21/2014,940,-7.84,"1,000.00",940,"1,020.00","6,657","6,347,889.00",450
8/24/2014,905,-3.72,925,900,940,"4,423","4,013,932.00",449
8/25/2014,821,-9.28,887,815,905,"3,063","2,620,984.00",448
8/26/2014,830,1.1,903,830,821,"2,807","2,418,861.00",447
8/27/2014,913,10,913,846,830,"4,317","3,854,894.00",446
8/28/2014,990,8.43,"1,000.00",925,913,"8,869","8,607,793.00",445
8/31/2014,933,-5.76,"1,000.00",911,990,"3,921","3,772,100.00",444
9/1/2014,945,1.29,945,905,933,"3,612","3,340,388.00",443
9/3/2014,924,-2.22,946,920,945,"2,200","2,046,655.00",442
9/4/2014,911,-1.41,915,871,924,"2,966","2,635,743.00",441
9/7/2014,840,-7.79,905,835,911,"2,608","2,271,339.00",440
9/9/2014,924,10,924,840,840,"1,327","1,158,652.00",439
9/10/2014,902,-2.38,960,885,924,"7,122","6,599,499.00",438
9/11/2014,920,2,920,884,902,"2,187","1,993,423.00",437
9/14/2014,897,-2.5,920,887,920,"2,065","1,859,841.00",436
9/15/2014,904,0.78,905,894,897,"2,692","2,417,211.00",435
9/16/2014,904,0,922,895,904,"8,051","7,243,838.00",434
9/17/2014,910,0.66,922,900,904,"1,515","1,375,832.00",433
9/18/2014,895,-1.65,895,895,910,203,"181,685.00",432
9/21/2014,890,-1.22,915,883,901,"1,500","1,334,815.00",431
9/22/2014,867,-2.58,876,860,890,395,"342,579.00",430
9/23/2014,914,5.42,919,880,867,"1,290","1,159,773.00",429
9/24/2014,936,2.41,936,900,914,"3,094","2,832,987.00",428
9/28/2014,999,6.73,"1,000.00",940,936,"5,186","5,119,674.00",427
9/29/2014,1020,2.1,"1,025.00",995,999,"7,147","7,226,990.00",426
9/30/2014,1005,-1.47,"1,030.00",990,"1,020.00","5,471","5,561,143.00",425
10/8/2014,954,-5.07,"1,000.00",945,"1,005.00","2,538","2,455,452.00",424
10/9/2014,972,1.89,973,965,954,596,"578,093.00",423
10/12/2014,970,-0.21,980,953,972,951,"918,292.00",422
10/13/2014,980,1.03,999,965,970,"7,088","6,903,370.00",421
10/14/2014,1000,2.04,"1,005.00",977,980,"3,385","3,384,123.00",420
10/15/2014,1022,2.2,"1,044.00","1,000.00","1,000.00","9,212","9,371,797.00",419
10/16/2014,1026,0.39,"1,042.00","1,000.00","1,022.00","12,616","12,985,014.00",418
10/19/2014,1025,-0.1,"1,025.00","1,010.00","1,026.00","1,528","1,558,396.00",417
10/20/2014,1020,-0.49,"1,028.00","1,010.00","1,025.00","2,807","2,855,018.00",416
10/21/2014,1024,0.39,"1,025.00","1,015.00","1,020.00","7,118","7,245,245.00",415
10/22/2014,1045,2.05,"1,051.00","1,018.00","1,024.00","10,271","10,605,596.00",414
10/26/2014,1062,1.63,"1,070.00","1,040.00","1,045.00","2,360","2,493,954.00",413
10/27/2014,1071,0.85,"1,076.00","1,041.00","1,062.00","4,554","4,835,958.00",412
10/28/2014,1070,-0.09,"1,071.00","1,030.00","1,071.00","3,620","3,841,595.00",411
10/30/2014,1049,-1.96,"1,061.00","1,045.00","1,070.00","1,121","1,178,444.00",410
11/2/2014,1004,-4.29,"1,040.00",990,"1,049.00","3,983","4,057,655.00",409
11/3/2014,1005,0.1,"1,019.00",999,"1,004.00","3,246","3,253,399.00",408
11/4/2014,1015,1,"1,042.00","1,000.00","1,005.00","3,600","3,622,468.00",407
11/5/2014,1030,1.48,"1,036.00","1,010.00","1,015.00","4,583","4,709,569.00",406
11/6/2014,1035,0.49,"1,035.00","1,010.00","1,030.00","1,706","1,733,201.00",405
11/9/2014,995,-3.86,"1,020.00",995,"1,035.00","2,956","2,972,722.00",404
11/10/2014,983,-1.21,"1,000.00",980,995,"1,735","1,711,517.00",403
11/11/2014,1004,2.14,"1,005.00",956,983,"1,640","1,617,202.00",402
11/12/2014,1000,-0.4,"1,024.00",994,"1,004.00","2,142","2,139,146.00",401
11/13/2014,1010,1,"1,025.00","1,000.00","1,000.00",869,"874,672.00",400
11/16/2014,957,-5.25,990,954,"1,010.00","1,935","1,861,402.00",399
11/17/2014,976,1.99,976,935,957,"2,747","2,584,175.00",398
11/18/2014,960,-1.64,984,930,976,"2,522","2,417,036.00",397
11/19/2014,979,1.98,979,959,960,"3,635","3,516,634.00",396
11/20/2014,1013,3.47,"1,013.00",975,979,"2,674","2,628,176.00",395
11/23/2014,990,-2.27,"1,030.00",990,"1,013.00","1,622","1,647,191.00",394
11/25/2014,970,-2.02,971,945,990,"1,736","1,671,182.00",393
11/30/2014,969,-0.1,969,945,970,"2,322","2,205,293.00",392
12/1/2014,945,-2.48,970,941,969,"2,082","1,980,975.00",391
12/2/2014,922,-2.43,945,919,945,911,"844,312.00",390
12/3/2014,939,1.84,945,915,922,"5,759","5,356,036.00",389
12/4/2014,941,0.21,957,940,939,"1,699","1,612,251.00",388
12/7/2014,940,-0.11,941,935,941,774,"727,279.00",387
12/8/2014,935,-0.53,945,920,940,"1,087","1,017,546.00",386
12/9/2014,940,0.53,940,921,935,938,"868,663.00",385
12/10/2014,934,-0.64,945,923,940,"1,388","1,301,409.00",384
12/11/2014,940,0.64,940,930,934,"1,413","1,324,661.00",383
12/14/2014,993,5.64,993,958,940,541,"529,545.00",382
12/15/2014,990,-0.3,"1,015.00",990,993,882,"889,625.00",381
12/16/2014,961,-2.93,976,961,990,"1,320","1,279,822.00",380
12/17/2014,951,-1.04,970,951,961,191,"182,667.00",379
12/18/2014,964,1.37,964,941,951,617,"587,806.00",378
12/21/2014,945,-1.97,955,937,964,906,"855,123.00",377
12/22/2014,940,-0.53,940,931,945,"1,008","944,157.00",376
12/23/2014,921,-2.02,950,920,940,584,"546,505.00",375
12/24/2014,968,5.1,974,921,921,"4,601","4,349,592.00",374
12/28/2014,978,1.03,980,955,968,"1,245","1,198,886.00",373
12/29/2014,955,-2.35,975,953,978,"2,244","2,155,651.00",372
12/31/2014,993,3.98,993,925,955,"1,697","1,591,580.00",371
1/1/2015,960,-3.32,974,960,993,"2,652","2,560,895.00",370
1/4/2015,980,2.08,980,950,960,"3,491","3,389,982.00",369
1/5/2015,978,-0.2,"1,015.00",972,980,"6,392","6,313,575.00",368
1/6/2015,980,0.2,995,976,978,845,"829,361.00",367
1/7/2015,981,0.1,984,961,980,821,"803,627.00",366
1/8/2015,1012,3.16,"1,025.00",962,981,"8,367","8,404,085.00",365
1/11/2015,1035,2.27,"1,040.00","1,009.00","1,012.00","11,522","11,892,216.00",364
1/12/2015,1030,-0.48,"1,030.00","1,006.00","1,035.00","4,449","4,541,369.00",363
1/13/2015,1062,3.11,"1,079.00","1,010.00","1,030.00","7,123","7,490,389.00",362
1/14/2015,1056,-0.56,"1,070.00","1,048.00","1,062.00","7,971","8,434,322.00",361
1/18/2015,1075,1.8,"1,077.00","1,055.00","1,056.00","4,616","4,932,071.00",360
1/19/2015,1095,1.86,"1,139.00","1,054.00","1,075.00","11,499","12,740,938.00",359
1/20/2015,1070,-2.28,"1,122.00","1,053.00","1,095.00","9,696","10,582,469.00",358
1/22/2015,1090,1.87,"1,106.00","1,049.00","1,070.00","6,298","6,835,946.00",357
1/25/2015,1130,3.67,"1,130.00","1,085.00","1,090.00","9,121","10,090,568.00",356
1/26/2015,1105,-2.21,"1,138.00","1,090.00","1,130.00","7,939","8,777,335.00",355
1/27/2015,1100,-0.45,"1,125.00","1,096.00","1,105.00","3,487","3,839,078.00",354
1/28/2015,1115,1.36,"1,120.00","1,090.00","1,100.00","18,427","20,145,098.00",353
1/29/2015,1095,-1.79,"1,103.00","1,080.00","1,115.00","2,869","3,121,993.00",352
2/1/2015,1075,-1.83,"1,095.00","1,075.00","1,095.00",807,"880,089.00",351
2/2/2015,1094,1.77,"1,094.00","1,072.00","1,075.00","3,131","3,380,986.00",350
2/3/2015,1089,-0.46,"1,090.00","1,075.00","1,094.00","7,784","8,450,578.00",349
2/4/2015,1094,0.46,"1,094.00","1,075.00","1,089.00","5,675","6,159,570.00",348
2/5/2015,1086,-0.73,"1,101.00","1,080.00","1,094.00","1,973","2,147,004.00",347
2/8/2015,1095,0.83,"1,095.00","1,075.00","1,086.00","3,253","3,544,788.00",346
2/9/2015,1132,3.38,"1,138.00","1,100.00","1,095.00","17,255","19,354,890.00",345
2/10/2015,1130,-0.18,"1,152.00","1,126.00","1,132.00","14,059","15,955,300.00",344
2/11/2015,1145,1.33,"1,145.00","1,120.00","1,130.00","4,234","4,769,490.00",343
2/12/2015,1139,-0.52,"1,145.00","1,127.00","1,145.00","6,529","7,402,770.00",342
2/15/2015,1167,2.46,"1,167.00","1,139.00","1,139.00","1,796","2,056,940.00",341
2/16/2015,1160,-0.6,"1,165.00","1,150.00","1,167.00","3,498","4,033,330.00",340
2/18/2015,1137,-1.98,"1,154.00","1,137.00","1,160.00",589,"676,392.00",339
2/22/2015,1100,-3.25,"1,134.00","1,100.00","1,137.00","2,333","2,616,130.00",338
2/23/2015,1120,1.82,"1,120.00","1,100.00","1,100.00","1,057","1,175,720.00",337
2/24/2015,1100,-1.79,"1,111.00","1,100.00","1,120.00","1,236","1,364,900.00",336
2/25/2015,1110,0.91,"1,115.00","1,095.00","1,100.00","2,241","2,486,170.00",335
2/26/2015,1090,-1.8,"1,100.00","1,090.00","1,110.00",203,"221,810.00",334
3/1/2015,1145,0,"1,165.00","1,140.00","1,145.00","4,150","4,759,920.00",333
3/2/2015,1150,0.44,"1,150.00","1,140.00","1,145.00","1,466","1,684,373.00",332
3/3/2015,1149,-0.09,"1,153.00","1,125.00","1,150.00","2,215","2,519,280.00",331
3/4/2015,1225,6.61,"1,225.00","1,141.00","1,149.00","2,475","2,846,080.00",330
3/9/2015,1180,-3.67,"1,201.00","1,180.00","1,225.00","7,726","9,185,120.00",329
3/10/2015,1180,0,"1,182.00","1,153.00","1,180.00","5,714","6,655,741.00",328
3/11/2015,1163,-1.44,"1,171.00","1,163.00","1,180.00","1,881","2,194,590.00",327
3/12/2015,1154,-0.77,"1,154.00","1,140.00","1,163.00",849,"972,770.00",326
3/15/2015,1141,-1.13,"1,141.00","1,116.00","1,154.00","1,950","2,205,665.00",325
3/16/2015,1120,-1.84,"1,129.00","1,110.00","1,141.00","1,650","1,839,052.00",324
3/17/2015,1130,0.89,"1,130.00","1,120.00","1,120.00","1,570","1,763,073.00",323
3/18/2015,1134,0.35,"1,134.00","1,125.00","1,130.00",630,"711,940.00",322
3/19/2015,1136,0.18,"1,156.00","1,125.00","1,134.00","2,876","3,254,182.00",321
3/22/2015,1125,-0.97,"1,141.00","1,125.00","1,136.00",727,"820,357.00",320
3/23/2015,1105,-1.78,"1,120.00","1,100.00","1,125.00","1,071","1,186,025.00",319
3/24/2015,1110,0.45,"1,127.00","1,100.00","1,105.00",379,"419,076.00",318
3/25/2015,1110,0,"1,125.00","1,100.00","1,110.00","2,954","3,274,992.00",317
3/26/2015,1093,-1.53,"1,093.00","1,090.00","1,110.00",162,"176,770.00",316
3/29/2015,1105,1.1,"1,105.00","1,100.00","1,093.00",88,"97,000.00",315
3/30/2015,1100,-0.45,"1,100.00","1,090.00","1,105.00",220,"240,740.00",314
3/31/2015,1110,0.91,"1,119.00","1,100.00","1,100.00","1,017","1,130,064.00",313
4/1/2015,1105,-0.45,"1,105.00","1,091.00","1,110.00","6,124","6,720,199.00",312
4/2/2015,1099,-0.54,"1,115.00","1,090.00","1,105.00","3,288","3,606,879.00",311
4/5/2015,1078,-1.91,"1,078.00","1,078.00","1,099.00",13,"14,014.00",310
4/6/2015,1070,-0.74,"1,080.00","1,045.00","1,078.00","1,274","1,361,646.00",309
4/7/2015,1072,0.19,"1,093.00","1,060.00","1,070.00","4,735","5,082,975.00",308
4/8/2015,1100,2.61,"1,105.00","1,075.00","1,072.00","2,268","2,475,524.00",307
4/9/2015,1084,-1.45,"1,105.00","1,083.00","1,100.00","2,384","2,593,180.00",306
4/12/2015,1070,-1.29,"1,105.00","1,070.00","1,084.00",120,"131,250.00",305
4/13/2015,1067,-0.28,"1,067.00","1,040.00","1,070.00","2,593","2,732,223.00",304
4/15/2015,1080,1.22,"1,095.00","1,069.00","1,067.00","3,465","3,763,090.00",303
4/16/2015,1085,0.46,"1,095.00","1,085.00","1,080.00","2,108","2,300,612.00",302
4/19/2015,1085,0,"1,090.00","1,076.00","1,085.00",332,"359,920.00",301
4/20/2015,1070,-1.38,"1,085.00","1,070.00","1,085.00","2,084","2,249,015.00",300
4/21/2015,1080,0.93,"1,080.00","1,070.00","1,070.00",496,"534,965.00",299
4/22/2015,1081,0.09,"1,081.00","1,080.00","1,080.00",967,"1,044,387.00",298
4/23/2015,1060,-0.93,"1,061.00","1,060.00","1,070.00",214,"226,960.00",297
5/28/2015,954,-10,"1,039.00",954,"1,060.00","1,338","1,309,840.00",296
5/31/2015,901,-5.56,935,891,954,"2,611","2,355,180.00",295
6/1/2015,925,2.66,935,917,901,"1,844","1,701,630.00",294
6/2/2015,958,3.57,961,933,925,573,"538,698.00",293
6/3/2015,1050,9.6,"1,050.00",977,958,"2,853","2,853,254.00",292
6/4/2015,1064,1.33,"1,115.00","1,050.00","1,050.00","1,566","1,699,262.00",291
6/7/2015,1076,1.13,"1,080.00","1,074.00","1,064.00",824,"885,797.00",290
6/8/2015,1082,0.56,"1,115.00","1,062.00","1,076.00",927,"1,013,556.00",289
6/9/2015,1088,0.55,"1,147.00","1,080.00","1,082.00","4,624","5,087,773.00",288
6/10/2015,1090,0.18,"1,107.00","1,067.00","1,088.00","2,061","2,243,114.00",287
6/11/2015,1098,0.73,"1,105.00","1,074.00","1,090.00","11,806","12,820,109.00",286
6/14/2015,1082,-1.46,"1,115.00","1,082.00","1,098.00","3,742","4,088,429.00",285
6/15/2015,1085,0.28,"1,090.00","1,066.00","1,082.00","1,063","1,150,630.00",284
6/16/2015,1071,-1.29,"1,090.00","1,071.00","1,085.00",530,"573,200.00",283
6/17/2015,1075,0.37,"1,075.00","1,055.00","1,071.00",870,"929,581.00",282
6/18/2015,1074,-0.09,"1,075.00","1,054.00","1,075.00","1,436","1,541,742.00",281
6/21/2015,1051,-2.14,"1,075.00","1,050.00","1,074.00",924,"973,042.00",280
6/22/2015,1065,1.33,"1,085.00","1,060.00","1,060.00","3,827","4,085,210.00",279
6/23/2015,1099,3.19,"1,130.00","1,065.00","1,086.00","8,111","8,808,810.00",278
6/24/2015,1092,-0.64,"1,100.00","1,090.00","1,099.00","2,172","2,372,750.00",277
6/25/2015,1111,1.74,"1,113.00","1,100.00","1,113.00","9,004","9,957,530.00",276
6/28/2015,1140,2.61,"1,155.00","1,108.00","1,130.00","6,357","7,228,620.00",275
6/29/2015,1206,5.79,"1,206.00","1,141.00","1,162.00","11,830","13,843,700.00",274
6/30/2015,1180,-2.16,"1,200.00","1,160.00","1,200.00","15,602","18,306,900.00",273
7/1/2015,1172,-0.68,"1,190.00","1,160.00","1,190.00","7,309","8,581,610.00",272
7/2/2015,1160,-1.02,"1,170.00","1,150.00","1,169.00","6,280","7,288,060.00",271
7/5/2015,1151,-0.78,"1,162.00","1,146.00","1,160.00","1,802","2,080,190.00",270
7/6/2015,1130,-1.82,"1,150.00","1,130.00","1,150.00",351,"398,250.00",269
7/7/2015,1164,3.01,"1,164.00","1,129.00","1,129.00","5,037","5,763,240.00",268
7/8/2015,1160,-0.34,"1,170.00","1,160.00","1,170.00","3,657","4,251,050.00",267
7/9/2015,1162,0.17,"1,166.00","1,140.00","1,160.00","2,949","3,423,990.00",266
7/12/2015,1156,-0.52,"1,158.00","1,150.00","1,150.00","3,120","3,601,660.00",265
7/13/2015,1145,-0.95,"1,145.00","1,140.00","1,140.00","1,244","1,419,490.00",264
7/14/2015,1150,0.44,"1,156.00","1,150.00","1,150.00",432,"498,280.00",263
7/15/2015,1148,-0.17,"1,155.00","1,148.00","1,155.00",237,"272,751.00",262
7/16/2015,1159,0.96,"1,159.00","1,136.00","1,148.00","2,459","2,804,991.00",261
7/22/2015,1150,-0.78,"1,160.00","1,145.00","1,150.00","3,773","4,341,260.00",260
7/23/2015,1150,0,"1,160.00","1,140.00","1,150.00","3,998","4,600,262.00",259
7/26/2015,1219,6,"1,219.00","1,173.00","1,150.00",676,"802,585.00",258
7/27/2015,1147,-5.91,"1,210.00","1,145.00","1,219.00","6,717","7,767,238.00",257
7/28/2015,1135,-1.05,"1,168.00","1,135.00","1,147.00","2,008","2,314,030.00",256
7/29/2015,1130,-0.44,"1,140.00","1,120.00","1,135.00","3,355","3,789,470.00",255
7/30/2015,1160,2.65,"1,175.00","1,125.00","1,130.00","2,076","2,387,020.00",254
8/2/2015,1150,-0.86,"1,155.00","1,140.00","1,160.00",376,"433,035.00",253
8/3/2015,1152,0.17,"1,165.00","1,145.00","1,150.00","2,243","2,596,180.00",252
8/4/2015,1151,-0.09,"1,165.00","1,150.00","1,152.00","4,801","5,548,780.00",251
8/5/2015,1188,3.21,"1,188.00","1,142.00","1,151.00","4,453","5,159,990.00",250
8/6/2015,1176,-2.89,"1,203.00","1,176.00","1,211.00","8,863","10,583,814.00",249
8/9/2015,1185,0.77,"1,222.00","1,160.00","1,176.00","3,316","3,904,329.00",248
8/10/2015,1180,-0.42,"1,199.00","1,163.00","1,185.00","2,914","3,463,710.00",247
8/11/2015,1195,1.27,"1,195.00","1,160.00","1,180.00","3,749","4,421,620.00",246
8/12/2015,1185,-0.84,"1,190.00","1,170.00","1,175.00","3,917","4,619,960.00",245
8/13/2015,1184,-0.08,"1,202.00","1,161.00",0,"4,666","5,528,000.00",244
8/16/2015,1200,1.35,"1,200.00","1,184.00","1,184.00","6,529","7,786,340.00",243
8/17/2015,1190,-0.83,"1,190.00","1,170.00","1,190.00","1,245","1,477,170.00",242
8/18/2015,1190,0,"1,200.00","1,181.00","1,185.00","6,300","7,520,420.00",241
8/19/2015,1205,1.26,"1,210.00","1,185.00","1,190.00","10,616","12,752,500.00",240
8/20/2015,1215,0.83,"1,215.00","1,195.00","1,200.00","8,969","10,819,900.00",239
8/23/2015,1190,-2.06,"1,211.00","1,182.00","1,200.00","11,225","13,430,800.00",238
8/24/2015,1255,5.46,"1,284.00","1,213.00","1,213.00","8,151","10,295,700.00",237
8/25/2015,1289,2.71,"1,315.00","1,240.00","1,240.00","3,181","4,071,500.00",236
8/26/2015,1362,5.66,"1,385.00","1,314.00","1,314.00","6,297","8,547,930.00",235
8/27/2015,1480,8.66,"1,480.00","1,388.00","1,388.00","4,751","6,827,710.00",234
8/31/2015,1504,1.62,"1,560.00","1,482.00","1,509.00","9,339","14,065,000.00",233
9/1/2015,1495,-0.6,"1,534.00","1,480.00","1,504.00","8,702","13,041,140.00",232
9/2/2015,1465,-2.01,"1,466.00","1,465.00","1,466.00",54,"79,120.00",231
9/3/2015,1390,-5.12,"1,460.00","1,366.00","1,460.00","1,792","2,515,180.00",230
9/6/2015,1400,0.72,"1,428.00","1,364.00","1,365.00","2,426","3,360,260.00",229
9/7/2015,1400,0,"1,415.00","1,400.00","1,415.00","1,354","1,905,410.00",228
9/8/2015,1410,0.71,"1,420.00","1,400.00","1,410.00","2,139","3,010,470.00",227
9/9/2015,1410,-0.64,"1,410.00","1,395.00","1,395.00",661,"924,345.00",226
9/10/2015,1360,-2.93,"1,390.00","1,350.00","1,390.00",697,"949,850.00",225
9/13/2015,1385,1.84,"1,408.00","1,375.00","1,387.00","1,518","2,105,950.00",224
9/14/2015,1385,0,"1,390.00","1,380.00","1,390.00","2,027","2,810,510.00",223
9/15/2015,1370,-1.08,"1,409.00","1,365.00","1,409.00","3,282","4,504,730.00",222
9/16/2015,1377,0.51,"1,400.00","1,376.00","1,380.00","4,716","6,530,140.00",221
9/17/2015,1380,0.22,"1,380.00","1,370.00","1,379.00","1,363","1,875,230.00",220
9/22/2015,1333,-3.41,"1,407.00","1,333.00","1,407.00","3,888","5,240,050.00",219
9/23/2015,1386,3.98,"1,386.00","1,350.00","1,355.00","1,008","1,378,490.00",218
9/24/2015,1370,-1.15,"1,379.00","1,355.00","1,370.00","2,178","2,982,130.00",217
9/28/2015,1331,-2.85,"1,355.00","1,330.00","1,345.00","3,360","4,522,250.00",216
9/29/2015,1350,1.43,"1,355.00","1,320.00","1,338.00","3,346","4,486,580.00",215
9/30/2015,1340,-0.74,"1,340.00","1,324.00","1,324.00",168,"222,848.00",214
10/1/2015,1350,0.75,"1,350.00","1,340.00","1,340.00","1,263","1,699,920.00",213
10/4/2015,1365,1.11,"1,369.00","1,350.00","1,360.00","1,809","2,456,360.00",212
10/5/2015,1352,-0.95,"1,370.00","1,352.00","1,370.00",113,"153,010.00",211
10/6/2015,1350,-0.15,"1,355.00","1,342.00","1,342.00","1,139","1,538,020.00",210
10/7/2015,1360,0.74,"1,360.00","1,330.00","1,340.00","3,453","4,653,540.00",209
10/8/2015,1397,2.72,"1,397.00","1,335.00","1,335.00","1,245","1,690,000.00",208
10/11/2015,1370,-1.93,"1,370.00","1,370.00","1,370.00",700,"959,000.00",207
10/14/2015,1350,-1.97,"1,350.00","1,343.00","1,350.00",220,"296,300.00",206
10/15/2015,1330,-0.97,"1,330.00","1,320.00","1,321.00",732,"972,773.00",205
10/18/2015,1300,-2.26,"1,316.00","1,300.00","1,315.00","2,511","3,278,890.00",204
10/19/2015,1310,0.77,"1,310.00","1,300.00","1,300.00","1,481","1,932,900.00",203
10/25/2015,1310,0,"1,310.00","1,284.00","1,285.00",989,"1,288,130.00",202
10/27/2015,1270,-3.05,"1,290.00","1,266.00","1,290.00",911,"1,160,160.00",201
10/28/2015,1250,-1.57,"1,250.00","1,221.00","1,250.00",856,"1,064,850.00",200
10/29/2015,1290,3.2,"1,290.00","1,275.00","1,275.00",364,"466,120.00",199
11/1/2015,1260,-2.33,"1,266.00","1,240.00","1,266.00",477,"601,120.00",198
11/2/2015,1260,-0.79,"1,280.00","1,250.00","1,250.00","1,902","2,400,800.00",197
11/3/2015,1245,-0.4,"1,245.00","1,212.00","1,225.00","2,189","2,674,970.00",196
11/4/2015,1262,1.36,"1,269.00","1,255.00","1,269.00",815,"1,028,110.00",195
11/5/2015,1245,-1.35,"1,260.00","1,245.00","1,260.00","1,404","1,754,910.00",194
11/8/2015,1260,1.2,"1,260.00","1,235.00","1,245.00","4,182","5,208,290.00",193
11/9/2015,1275,1.19,"1,295.00","1,270.00","1,270.00",315,"404,865.00",192
11/10/2015,1290,1.18,"1,300.00","1,285.00","1,295.00","2,148","2,765,260.00",191
11/15/2015,1300,0.78,"1,305.00","1,299.00","1,299.00","3,342","4,347,390.00",190
11/16/2015,1290,-0.77,"1,298.00","1,276.00","1,276.00","2,984","3,826,740.00",189
11/18/2015,1300,0.78,"1,300.00","1,290.00","1,290.00","1,763","2,285,910.00",188
11/19/2015,1300,0,"1,300.00","1,280.00","1,299.00","1,422","1,838,700.00",187
11/22/2015,1250,-3.85,"1,300.00","1,235.00","1,300.00","3,107","3,897,300.00",186
11/23/2015,1244,-0.48,"1,252.00","1,225.00","1,236.00","1,543","1,912,020.00",185
11/24/2015,1240,0.08,"1,245.00","1,230.00","1,230.00",319,"394,226.00",184
11/25/2015,1251,0.48,"1,264.00","1,250.00","1,264.00","1,356","1,695,580.00",183
11/26/2015,1230,-1.68,"1,245.00","1,202.00","1,230.00","5,288","6,485,700.00",182
11/29/2015,1176,-4.39,"1,208.00","1,175.00","1,206.00","3,465","4,098,990.00",181
11/30/2015,1200,2.04,"1,200.00","1,176.00","1,199.00","3,715","4,428,380.00",180
12/1/2015,1247,3.92,"1,247.00","1,200.00","1,200.00","6,087","7,515,810.00",179
12/2/2015,1239,-0.64,"1,244.00","1,220.00","1,225.00","2,015","2,485,830.00",178
12/3/2015,1245,0.48,"1,285.00","1,235.00","1,235.00","6,788","8,515,060.00",177
12/6/2015,1300,4.42,"1,303.00","1,269.00","1,269.00","3,312","4,257,480.00",176
12/7/2015,1310,0.77,"1,344.00","1,300.00","1,326.00","7,040","9,295,900.00",175
12/8/2015,1340,2.29,"1,349.00","1,312.00","1,312.00","6,869","9,181,740.00",174
12/9/2015,1365,1.87,"1,393.00","1,355.00","1,366.00","1,262","1,725,770.00",173
12/10/2015,1347,-1.32,"1,380.00","1,340.00","1,380.00","6,472","8,770,860.00",172
12/13/2015,1360,0.97,"1,370.00","1,340.00","1,350.00","6,944","9,427,130.00",171
12/14/2015,1390,2.21,"1,392.00","1,362.00","1,365.00","4,562","6,299,840.00",170
12/15/2015,1444,3.88,"1,529.00","1,417.00","1,417.00","29,661","43,151,000.00",169
12/16/2015,1435,-0.62,"1,470.00","1,373.00","1,470.00","16,057","22,728,600.00",168
12/17/2015,1400,-2.44,"1,435.00","1,380.00","1,435.00","5,871","8,198,730.00",167
12/20/2015,1456,4,"1,456.00","1,373.00","1,400.00","3,291","4,619,652.00",166
12/21/2015,1450,-0.41,"1,485.00","1,390.00","1,456.00","12,497","17,741,956.00",165
12/22/2015,1450,0,"1,500.00","1,436.00","1,479.00","11,237","16,332,000.00",164
12/23/2015,1450,0,"1,467.00","1,449.00","1,450.00","9,835","14,307,827.00",163
12/24/2015,1468,1.38,"1,476.00","1,450.00","1,450.00","4,636","6,779,110.00",162
12/27/2015,1450,-1.36,"1,473.00","1,445.00","1,445.00","2,418","3,526,110.00",161
12/28/2015,1436,-0.97,"1,451.00","1,436.00","1,450.00","2,708","3,909,632.00",160
12/29/2015,1479,2.99,"1,500.00","1,440.00","1,436.00","8,878","13,118,411.00",159
12/31/2015,1510,2.1,"1,514.00","1,488.00","1,508.00","17,943","26,909,400.00",158
1/3/2016,1555,2.98,"1,570.00","1,526.00","1,535.00","15,632","24,158,500.00",157
1/4/2016,1565,0.64,"1,595.00","1,550.00","1,555.00","12,795","20,032,091.00",156
1/5/2016,1516,-3.13,"1,556.00","1,516.00","1,550.00","8,983","13,843,900.00",155
1/6/2016,1538,1.45,"1,538.00","1,500.00","1,525.00","6,289","9,504,120.00",154
1/7/2016,1541,0.2,"1,567.00","1,540.00","1,567.00","8,366","12,940,000.00",153
1/10/2016,1540,-0.06,"1,550.00","1,520.00","1,541.00","1,913","2,945,075.00",152
1/11/2016,1537,-0.19,"1,550.00","1,537.00","1,549.00","4,862","7,507,350.00",151
1/12/2016,1525,-0.78,"1,535.00","1,525.00","1,531.00","1,727","2,642,940.00",150
1/13/2016,1541,1.05,"1,550.00","1,541.00","1,525.00","1,080","1,670,610.00",149
1/14/2016,1570,1.88,"1,570.00","1,525.00","1,525.00","10,927","16,972,200.00",148
1/17/2016,1659,5.67,"1,695.00","1,585.00","1,598.00","22,031","36,091,000.00",147
1/18/2016,1634,-1.57,"1,640.00","1,580.00","1,627.00","22,058","35,589,800.00",146
1/19/2016,1655,1.29,"1,660.00","1,584.00","1,602.00","13,431","21,856,400.00",145
1/20/2016,1670,0.91,"1,670.00","1,650.00","1,650.00","13,019","21,619,800.00",144
1/21/2016,1662,-0.48,"1,668.00","1,640.00","1,670.00","7,745","12,848,317.00",143
1/24/2016,1652,-0.6,"1,670.00","1,637.00","1,662.00","7,551","12,517,532.00",142
1/25/2016,1635,-1.03,"1,645.00","1,633.00","1,642.00","3,250","5,326,360.00",141
1/26/2016,1632,-0.18,"1,635.00","1,616.00","1,635.00","2,462","3,999,453.00",140
1/27/2016,1634,0.12,"1,635.00","1,620.00","1,632.00","3,037","4,946,943.00",139
1/28/2016,1618,-0.98,"1,635.00","1,618.00","1,635.00","5,484","8,894,860.00",138
1/31/2016,1619,0.06,"1,620.00","1,610.00","1,618.00","1,828","2,950,980.00",137
2/1/2016,1627,0.49,"1,645.00","1,620.00","1,619.00","2,104","3,434,271.00",136
2/2/2016,1626,-0.06,"1,627.00","1,613.00","1,627.00","1,286","2,087,900.00",135
2/3/2016,1625,-0.06,"1,630.00","1,625.00","1,626.00",399,"649,759.00",134
2/4/2016,1629,0.25,"1,638.00","1,618.00","1,618.00","3,051","4,975,220.00",133
2/7/2016,1632,0.18,"1,660.00","1,616.00","1,629.00","4,605","7,494,825.00",132
2/8/2016,1640,0.49,"1,660.00","1,625.00","1,632.00","4,873","7,997,789.00",131
2/11/2016,1630,-0.61,"1,650.00","1,620.00","1,640.00","4,645","7,594,787.00",130
2/14/2016,1625,-0.31,"1,655.00","1,615.00","1,635.00","3,528","5,760,760.00",129
2/15/2016,1635,0.62,"1,645.00","1,618.00","1,645.00","4,711","7,680,340.00",128
2/16/2016,1623,-0.73,"1,630.00","1,622.00","1,635.00","1,062","1,725,230.00",127
2/17/2016,1630,0.43,"1,635.00","1,623.00","1,623.00","1,448","2,356,580.00",126
2/18/2016,1647,1.04,"1,647.00","1,617.00","1,630.00","7,346","11,968,687.00",125
2/21/2016,1635,-0.73,"1,650.00","1,633.00","1,650.00","3,242","5,317,870.00",124
2/22/2016,1648,0.67,"1,682.00","1,646.00","1,650.00","2,567","4,248,520.00",123
2/23/2016,1650,0.24,"1,650.00","1,640.00","1,646.00","1,027","1,693,230.00",122
2/24/2016,1626,-1.45,"1,650.00","1,626.00","1,650.00",865,"1,418,030.00",121
2/25/2016,1620,-0.37,"1,631.00","1,594.00","1,600.00","1,816","2,934,580.00",120
2/28/2016,1605,-0.93,"1,620.00","1,603.00","1,620.00","1,144","1,838,552.00",119
2/29/2016,1620,0.93,"1,625.00","1,602.00","1,605.00",440,"708,890.00",118
3/1/2016,1605,-0.93,"1,630.00","1,600.00","1,630.00","2,478","3,987,510.00",117
3/2/2016,1620,0.93,"1,630.00","1,605.00","1,610.00","1,787","2,890,970.00",116
3/3/2016,1622,0.12,"1,625.00","1,600.00","1,600.00","5,050","8,161,230.00",115
3/6/2016,1681,3.64,"1,681.00","1,620.00","1,628.00","5,946","9,733,990.00",114
3/10/2016,1750,4.1,"1,750.00","1,690.00","1,700.00","7,540","12,958,100.00",113
3/13/2016,1763,0.74,"1,785.00","1,653.00","1,785.00","5,772","9,990,290.00",112
3/14/2016,1681,-4.65,"1,750.00","1,681.00","1,750.00","4,660","7,975,190.00",111
3/15/2016,1712,1.84,"1,732.00","1,699.00","1,700.00","5,214","8,912,810.00",110
3/16/2016,1713,0.06,"1,735.00","1,700.00","1,730.00","4,842","8,305,500.00",109
3/17/2016,1735,1.28,"1,740.00","1,701.00","1,725.00","3,626","6,242,570.00",108
3/20/2016,1760,1.44,"1,770.00","1,715.00","1,740.00","2,759","4,848,590.00",107
3/21/2016,1750,-0.57,"1,790.00","1,750.00","1,790.00","4,906","8,665,520.00",106
3/23/2016,1720,-1.71,"1,740.00","1,715.00","1,740.00",920,"1,584,010.00",105
3/24/2016,1700,-1.16,"1,720.00","1,700.00","1,720.00","3,469","5,924,188.00",104
3/27/2016,1715,0.88,"1,715.00","1,680.00","1,700.00","3,406","5,791,706.00",103
3/28/2016,1685,-1.75,"1,707.00","1,670.00","1,715.00","4,639","7,821,435.00",102
3/29/2016,1704,1.13,"1,710.00","1,690.00","1,685.00","1,674","2,843,968.00",101
3/30/2016,1710,0.35,"1,710.00","1,695.00","1,704.00","1,912","3,254,463.00",100
3/31/2016,1700,-0.58,"1,704.00","1,677.00","1,710.00","3,247","5,470,100.00",99
4/3/2016,1690,-0.59,"1,690.00","1,668.00","1,700.00",450,"755,200.00",98
4/4/2016,1676,-0.83,"1,695.00","1,665.00","1,690.00","2,761","4,629,856.00",97
4/5/2016,1687,0.66,"1,692.00","1,684.00","1,685.00","2,494","4,211,920.00",96
4/6/2016,1670,-1.01,"1,690.00","1,670.00","1,687.00",689,"1,152,330.00",95
4/10/2016,1660,-0.6,"1,670.00","1,660.00","1,670.00","2,160","3,599,240.00",94
4/11/2016,1674,0.84,"1,675.00","1,660.00","1,660.00","2,948","4,908,242.00",93
4/12/2016,1655,-1.14,"1,685.00","1,655.00","1,674.00",594,"993,970.00",92
4/14/2016,1675,1.21,"1,680.00","1,675.00","1,655.00",714,"1,198,375.00",91
4/17/2016,1670,0,"1,675.00","1,661.00","1,661.00","2,652","4,430,010.00",90
4/18/2016,1676,0.06,"1,680.00","1,675.00","1,675.00","2,473","4,147,545.00",89
4/19/2016,1670,-0.36,"1,690.00","1,645.00","1,676.00","3,431","5,735,562.00",88
4/20/2016,1755,5.09,"1,755.00","1,670.00","1,670.00","3,150","5,343,441.00",87
4/21/2016,1700,-3.13,"1,731.00","1,691.00","1,755.00","5,006","8,561,933.00",86
4/24/2016,1716,0.94,"1,723.00","1,690.00","1,700.00","4,640","7,902,704.00",85
4/25/2016,1740,1.4,"1,753.00","1,717.00","1,716.00","4,804","8,340,789.00",84
4/26/2016,1740,0,"1,760.00","1,740.00","1,740.00","3,683","6,447,964.00",83
4/27/2016,1760,1.15,"1,760.00","1,735.00","1,740.00","4,412","7,706,608.00",82
4/28/2016,1779,1.08,"1,800.00","1,736.00","1,760.00","5,340","9,401,761.00",81
5/2/2016,1768,-0.62,"1,785.00","1,755.00","1,779.00","4,490","7,943,485.00",80
5/3/2016,1784,0.9,"1,805.00","1,760.00","1,768.00","6,820","12,068,534.00",79
5/4/2016,1801,0.95,"1,810.00","1,752.00","1,784.00","6,627","11,850,581.00",78
5/5/2016,1780,-1.17,"1,805.00","1,765.00","1,801.00","4,934","8,806,769.00",77
5/8/2016,1780,0,"1,815.00","1,770.00","1,780.00","5,300","9,459,886.00",76
5/9/2016,1764,-0.9,"1,780.00","1,730.00","1,780.00","3,757","6,642,260.00",75
5/10/2016,1770,0.34,"1,777.00","1,762.00","1,764.00","9,098","16,116,400.00",74
5/11/2016,1767,-0.17,"1,779.00","1,762.00","1,770.00","5,183","9,176,340.00",73
5/12/2016,1770,0.17,"1,775.00","1,763.00","1,767.00","10,731","19,004,763.00",72
5/15/2016,1765,-0.28,"1,767.00","1,750.00","1,765.00","7,313","12,846,400.00",71
5/16/2016,1753,-0.68,"1,760.00","1,750.00","1,765.00","2,418","4,247,899.00",70
5/17/2016,1765,0.68,"1,775.00","1,760.00","1,760.00","2,528","4,473,280.00",69
5/18/2016,1820,3.12,"1,820.00","1,795.00","1,765.00","8,134","14,698,522.00",68
5/19/2016,1820,0,"1,861.00","1,820.00","1,820.00","10,193","18,767,075.00",67
5/22/2016,1900,4.4,"1,900.00","1,820.00","1,820.00","7,030","13,176,146.00",66
5/23/2016,1900,0,"1,921.00","1,850.00","1,900.00","7,897","14,857,241.00",65
5/24/2016,1910,0.53,"1,920.00","1,885.00","1,900.00","7,232","13,768,453.00",64
5/25/2016,1875,-1.83,"1,890.00","1,862.00","1,910.00","4,245","7,955,378.00",63
5/26/2016,1870,-0.27,"1,872.00","1,830.00","1,875.00","2,502","4,652,986.00",62
5/29/2016,1850,-1.07,"1,905.00","1,850.00","1,870.00","2,889","5,414,555.00",61
5/30/2016,1851,0.05,"1,870.00","1,851.00","1,850.00","2,615","4,858,551.00",60
5/31/2016,1820,-1.67,"1,855.00","1,800.00","1,851.00","9,808","17,810,485.00",59
6/1/2016,1800,-1.1,"1,830.00","1,785.00","1,820.00","3,169","5,734,666.00",58
6/2/2016,1780,-1.11,"1,795.00","1,731.00","1,800.00","6,112","10,869,354.00",57
6/5/2016,1700,-4.49,"1,815.00","1,691.00","1,780.00","4,663","8,211,823.00",56
6/6/2016,1740,2.35,"1,768.00","1,725.00","1,700.00","6,146","10,665,881.00",55
6/7/2016,1789,2.82,"1,790.00","1,735.00","1,735.00","2,018","3,558,420.00",54
6/8/2016,1820,1.73,"1,830.00","1,788.00","1,789.00","2,991","5,422,210.00",53
6/9/2016,1875,3.02,"1,900.00","1,850.00","1,856.00","12,979","24,414,000.00",52
6/12/2016,1910,1.87,"1,940.00","1,860.00","1,875.00","9,583","18,212,869.00",51
6/13/2016,1900,-0.52,"1,920.00","1,881.00","1,910.00","10,848","20,563,978.00",50
6/14/2016,1979,4.16,"1,979.00","1,891.00","1,900.00","17,202","33,329,900.00",49
6/15/2016,2176,9.95,"2,176.00","1,970.00","2,000.00","21,903","45,340,800.00",48
6/16/2016,2380,9.38,"2,393.00","2,219.00","2,176.00","28,831","68,108,250.00",47
6/19/2016,2280,-4.2,"2,450.00","2,171.00","2,380.00","22,209","52,145,537.00",46
6/20/2016,2230,-2.19,"2,325.00","2,230.00","2,280.00","13,605","30,815,560.00",45
6/21/2016,2205,-1.12,"2,274.00","2,181.00","2,230.00","8,993","20,038,071.00",44
6/22/2016,2227,1,"2,227.00","2,190.00","2,215.00","17,033","37,542,500.00",43
6/23/2016,2205,-0.99,"2,349.00","2,205.00","2,227.00","6,650","14,982,219.00",42
6/26/2016,2260,2.49,"2,285.00","2,206.00","2,205.00","9,728","21,860,026.00",41
6/27/2016,2271,0.49,"2,305.00","2,270.00","2,260.00","12,497","28,554,480.00",40
6/28/2016,2366,4.18,"2,366.00","2,280.00","2,271.00","20,618","47,502,526.00",39
6/29/2016,2490,5.24,"2,585.00","2,400.00","2,366.00","20,121","49,717,049.00",38
6/30/2016,2495,0.2,"2,545.00","2,450.00","2,490.00","14,930","37,326,322.00",37
7/3/2016,2405,-3.61,"2,499.00","2,401.00","2,495.00","6,285","15,429,600.00",36
7/4/2016,2379,-1.08,"2,400.00","2,350.00","2,405.00","2,946","7,008,689.00",35
7/5/2016,2350,-1.22,"2,370.00","2,321.00","2,379.00","4,014","9,419,454.00",34
7/6/2016,2326,-1.02,"2,350.00","2,316.00","2,350.00","9,258","21,606,700.00",33
7/10/2016,2310,-0.69,"2,397.00","2,266.00","2,326.00","11,943","27,809,678.00",32
7/11/2016,2220,-3.9,"2,270.00","2,206.00","2,310.00","12,887","28,720,946.00",31
7/12/2016,2201,-0.86,"2,250.00","2,039.00","2,220.00","9,355","20,431,018.00",30
7/13/2016,2113,-4,"2,160.00","2,080.00","2,201.00","5,933","12,545,441.00",29
7/14/2016,2180,4.12,"2,200.00","2,113.00","2,155.00","3,831","8,242,600.00",28
7/17/2016,2200,0,"2,200.00","2,113.00","2,200.00","4,189","9,087,892.00",27
7/18/2016,2408,9.45,"2,408.00","2,156.00","2,200.00","6,182","14,259,017.00",26
7/19/2016,2400,-0.33,"2,494.00","2,290.00","2,400.00","30,153","72,832,900.00",25
7/20/2016,2335,-2.71,"2,450.00","2,335.00","2,420.00","9,296","22,265,000.00",24
7/21/2016,2345,0.43,"2,371.00","2,292.00","2,335.00","3,228","7,534,640.00",23
7/25/2016,2344,-0.04,"2,370.00","2,300.00","2,345.00","6,770","15,815,080.00",22
7/26/2016,2333,-0.47,"2,372.00","2,330.00","2,344.00","6,481","15,209,713.00",21
7/27/2016,2357,1.03,"2,370.00","2,340.00","2,333.00","6,206","14,649,319.00",20
7/28/2016,2406,2.08,"2,410.00","2,310.00","2,357.00","4,507","10,767,232.00",19
7/31/2016,2366,-1.66,"2,400.00","2,305.00","2,406.00","2,002","4,724,935.00",18
8/1/2016,2345,-0.89,"2,360.00","2,300.00","2,366.00","4,090","9,494,830.00",17
8/2/2016,2292,-2.26,"2,330.00","2,290.00","2,345.00","1,176","2,709,088.00",16
8/3/2016,2289,-0.13,"2,310.00","2,203.00","2,292.00","2,358","5,347,281.00",15
8/4/2016,2130,-6.95,"2,245.00","2,130.00","2,289.00","4,268","9,302,714.00",14
8/7/2016,2107,-1.08,"2,227.00","2,100.00","2,130.00","3,518","7,642,258.00",13
8/8/2016,1966,-6.69,"2,149.00","1,966.00","2,107.00",747,"1,541,284.00",12
8/9/2016,2162,9.97,"2,162.00","2,005.00","1,966.00",600,"1,293,280.00",11
8/10/2016,2149,-0.6,"2,205.00","2,103.00","2,205.00","5,936","12,741,400.00",10
8/11/2016,2170,0.98,"2,189.00","2,100.00","2,185.00","2,398","5,120,330.00",9
8/14/2016,2165,-0.23,"2,254.00","2,132.00","2,142.00","7,877","17,199,900.00",8
8/15/2016,2076,-4.11,"2,151.00","2,070.00","2,122.00","4,914","10,361,300.00",7
8/16/2016,2104,1.35,"2,104.00","2,005.00","2,036.00","3,532","7,311,700.00",6
8/17/2016,2190,4.09,"2,228.00","2,120.00","2,120.00","3,322","7,254,410.00",5
8/21/2016,2125,-2.97,"2,193.00","2,119.00","2,150.00","2,573","5,574,520.00",4
8/22/2016,2059,-3.11,"2,100.00","2,040.00","2,100.00","3,513","7,289,670.00",3
8/23/2016,2050,-0.44,"2,100.00","2,000.00","2,100.00","1,946","3,983,030.00",2
8/24/2016,2230,8.78,"2,230.00","2,075.00","2,075.00","6,388","13,694,200.00",1
